variant,n_agv,qc_productivity,berth_productivity,makespan_h,qc_wait_share,qc_wait_per_move_s,empty_m_per_move,asc_wait_per_move_s,messages_per_job,options_per_decision,single_choice_share,busy_assigned_share,agv_loaded_travel,agv_empty_travel,agv_handling,agv_wait_qc,agv_wait_asc,agv_idle,qc_productivity_ci,berth_productivity_ci,makespan_h_ci,qc_wait_share_ci,qc_wait_per_move_s_ci,empty_m_per_move_ci,asc_wait_per_move_s_ci,messages_per_job_ci,options_per_decision_ci,single_choice_share_ci,busy_assigned_share_ci,agv_loaded_travel_ci,agv_empty_travel_ci,agv_handling_ci,agv_wait_qc_ci,agv_wait_asc_ci,agv_idle_ci,n_reps
basic auction (calibrated prediction),6,19.33633666920508,76.45654760299098,15.697148503245021,0.4269918327816683,79.53190181228351,248.7745,13.372585494923452,3.0678333333333336,1.0678333333333332,0.9805833333333334,0.9935,0.3063907361037594,0.24486213242645918,0.25982584037010265,0.13575829926066985,0.0473228194222019,0.00584017241680703,0.18303107151574532,0.6434119084345095,0.13237204986574486,0.004916117722063415,1.6638704171939334,2.574743214836166,0.704058010748306,0.01085547393817487,0.01085547393817484,0.002866528826326919,0.0009235217944729392,0.0030136725104164463,0.003065455741566198,0.002409659584296596,0.007972622114060125,0.002383737918824916,0.0014280815229608507,10
basic auction (calibrated prediction),8,23.357796288738253,92.11020663493552,13.030033896347367,0.3078571099883535,47.487622451029075,209.92291666666665,17.980161458156942,4.585500000000001,2.5855,0.14808333333333334,0.98475,0.2768235077784638,0.19554016970513083,0.23473408650743485,0.22493757185341717,0.057495887334407816,0.010468776821145503,0.2526607354105091,0.8958552422693145,0.1263820529244177,0.007601513639120971,1.6705877577538653,2.386108535913693,0.9018497616667898,0.03059002177645116,0.030590021776451107,0.011762740583407361,0.003142513262495372,0.0027284183236222065,0.0031812074708698476,0.002138733682554474,0.007831985843681444,0.002863304434957108,0.0024951311077802863,10
basic auction (calibrated prediction),10,28.881814258194602,113.80901489222367,10.54549170774923,0.14413440527776272,17.991850871666927,144.28050000000002,24.241162891400357,7.858583333333334,5.858583333333334,0.0,0.8931666666666667,0.2737143018632936,0.1486119894330147,0.2320355776700211,0.23955803458874697,0.07661540630204138,0.029464690142882305,0.294472623196941,1.0257742867404436,0.09536706920538086,0.009267073559334435,1.3374075312501532,3.4328260273773603,0.7579926504315005,0.01476365017489738,0.01476365017489738,0.0,0.004441518631217272,0.0024665642878974113,0.00199151505059911,0.0018288532889868835,0.004671619574711259,0.0021220355975494418,0.0038775464344182253,10
basic auction (calibrated prediction),12,31.01431029536467,122.86738305365775,9.767990525027951,0.08088434089797723,9.397632906449564,118.28266666666666,27.191607284782314,10.45975,8.45975,0.0,0.7060833333333333,0.2462836221460146,0.11674209422160935,0.20875017903680715,0.2364295044440597,0.0772840189451311,0.11451058120637816,0.19382508198826953,1.0869202277423484,0.08759337959931245,0.006168107699555065,0.7773138332683912,1.8230241599135688,1.5747501431469144,0.04162782954336936,0.04162782954336936,0.0,0.00423444039800471,0.0021274057398002256,0.0009561200664728359,0.0020319594448766428,0.003937496421436096,0.003971931372473358,0.0048771077393212426,10
basic auction (calibrated prediction),14,31.18384515412881,123.31579214796018,9.732390344199203,0.07588275085272082,8.767046249928262,113.27874999999999,28.25029864597006,12.5375,10.5375,0.0,0.6629166666666666,0.211903265547495,0.0972995691827001,0.17959152626674893,0.2080516458379575,0.06909788660713433,0.23405610655796413,0.1855382162757632,1.0663111070053366,0.08395065593744394,0.004800393784631068,0.604821888943483,2.5801451077143063,1.2863350623129552,0.03621763498454087,0.03621763498454087,0.0,0.008082647878444888,0.002163386183241495,0.001420668079481608,0.0016203402801844237,0.0024246154165278315,0.002906848283520881,0.004773714974243063,10
basic auction (calibrated prediction),16,31.219018339118254,123.36458748003068,9.729182305394081,0.07487779301761173,8.642650736309148,109.24224999999998,28.009346465400228,14.579416666666665,12.579416666666667,0.0,0.65075,0.18546897153735462,0.08274622630962682,0.15719825891237538,0.18658960087832271,0.05996486279248612,0.3280320795698343,0.17975588992468364,1.2938997713020832,0.10397459128142057,0.005732031906324367,0.7127755956907417,4.040012408264913,1.5025500608688334,0.044467651656984276,0.044467651656984276,0.0,0.008535062168155074,0.0018930499202796062,0.0025644757360323597,0.0015246644878442344,0.0031739259236913107,0.0030203485554043084,0.004576316094933597,10
basic auction (calibrated prediction),18,31.16576780610428,123.30392582832562,9.73282500844383,0.07643074380819166,8.833592628838321,106.73433333333332,28.279810633002285,16.62141666666667,14.621416666666667,0.0,0.6373333333333333,0.1647944298201382,0.07220641725274497,0.13967476248092495,0.17050655785185806,0.05378803871299879,0.399029793881335,0.14737992340924733,0.832598222158064,0.06524279571029452,0.004234085163201854,0.526396057453216,2.792617826212199,1.803225495235977,0.047041939932278905,0.047041939932279286,0.0,0.012503912651108576,0.0011020734121948463,0.0017029764062219462,0.0009294453212995796,0.003114111549905485,0.003267698677856592,0.004148836693367224,10
basic auction (calibrated prediction),20,31.108850701472267,122.88440766206807,9.76590728707412,0.07811836281243187,9.049824757585348,106.80366666666666,28.022583766371525,18.649250000000002,16.649250000000002,0.0,0.6420833333333333,0.14779830858348714,0.06485744724905565,0.1252719011055581,0.15572109774265083,0.04781588046319903,0.4585353648560493,0.21013179103323062,0.7459511766050876,0.0592518635197524,0.006126755711408152,0.7711735712477874,3.0209160901224337,1.4391110366524846,0.056258132514300625,0.056258132514300625,0.0,0.0073563061191401985,0.001139341496136607,0.001312396847085412,0.000773819292049127,0.0033336041516109425,0.0023488246068878713,0.003965236542275061,10
basic auction (calibrated prediction),22,31.245482613043645,123.87741022847425,9.688059669206751,0.07402474259892726,8.540260779550966,103.4605,27.306303138094087,20.67066666666667,18.67066666666667,0.0,0.6289166666666667,0.1354541039131774,0.05802723495966268,0.11480796931729284,0.14386001167367257,0.042697918314335434,0.5051527618218591,0.22217390155942623,0.978578594399131,0.07655093828747163,0.007172979663164492,0.8878052504014878,1.5964665854974653,1.1610376443964332,0.04659643122391961,0.04659643122391961,0.0,0.005317495245148076,0.0011393880182228831,0.0008094656596787218,0.0008757818705933387,0.0020159182177176996,0.0016763771760715492,0.003719030016821816,10
basic auction (calibrated prediction),24,31.391961408753104,124.29340666072918,9.655872556459837,0.06969122126737208,8.002254585562621,101.72933333333333,28.321565005407706,22.69558333333333,20.69558333333333,0.0,0.6136666666666667,0.12459145552431054,0.052594380765756496,0.10559514199834515,0.1319152246821654,0.04072019269198093,0.5445836043374415,0.21807653482747888,1.0868307248632316,0.08438674291522301,0.006596366107815749,0.8095755951409661,2.9041797135721423,1.7865074203940252,0.05864211896588976,0.05864211896588976,0.0,0.009707153418078178,0.001141127879984162,0.0011616157354260685,0.0007357134429551613,0.002239174293087395,0.0023948664018181034,0.0037149177671570405,10
basic auction (naive prediction),6,19.339699041691752,76.40999264866953,15.706622079965726,0.426894230312013,79.49807166384417,248.60116666666667,13.349874890385397,3.0669166666666667,1.0669166666666667,0.9805833333333334,0.99325,0.30620988782653125,0.24458233231831664,0.2596754360432146,0.1356347191769542,0.04721523419002681,0.006682390444956535,0.17637241257535002,0.6278474417630099,0.12940091895265052,0.004692159342224106,1.5956743246073781,2.639436972326526,0.7185632755679059,0.01107816336056297,0.011078163360562904,0.002866528826326919,0.0008638755360340954,0.0028970092748121464,0.003049700667181586,0.002366191194216548,0.007741402499439698,0.002450853089729255,0.002176354705601217,10
basic auction (naive prediction),8,23.488106158061417,92.68923601451941,12.948951582354491,0.30397075028954496,46.62247388319342,196.90775000000002,18.313395016633088,4.548666666666667,2.5486666666666666,0.14825,0.9828333333333333,0.278576368145719,0.18773900093542314,0.23621292433462449,0.22689548986557878,0.058926224710968866,0.011649992007685735,0.22763408864955675,0.9651773529124161,0.13458558419539252,0.007289187624691413,1.5647920699179327,3.208663672229995,0.7681859536417753,0.028556536813695174,0.028556536813695195,0.010102809097413136,0.0027129589806860898,0.0029094527349619796,0.003958838836082871,0.002561385340190294,0.007749993057040648,0.00238716164223921,0.002654926048112587,10
basic auction (naive prediction),10,28.78909067818368,113.802563399344,10.54608229037363,0.14686899851822285,18.38517213888386,127.79216666666666,24.139649124151454,7.658916666666667,5.658916666666666,0.0,0.8664166666666666,0.27370833721727783,0.13665589840470724,0.23200047448795985,0.23261653648179897,0.07627545471972902,0.04874329868852708,0.25341402805145924,1.027642363244687,0.0947313211450684,0.007967649841958338,1.1415680106786343,1.8571050660962427,0.9324238943556854,0.01900993586915785,0.01900993586915785,0.0,0.005807304979930977,0.002613174529690263,0.001607520489582079,0.0018630799870424906,0.003903856000980977,0.002506651423113874,0.003077395113122184,10
basic auction (naive prediction),12,29.276744702560535,115.77578617521809,10.368427999609079,0.13241296362060134,16.315259328914454,115.22333333333333,25.226491255935095,9.978916666666667,7.978916666666666,0.0,0.7776666666666666,0.23204005422188553,0.10753180298683614,0.1966842483874636,0.22102116021891777,0.06758446453759467,0.17513826964730225,0.3601783606566404,1.612829118159492,0.1456050888221697,0.0103577941608816,1.4730472967446435,3.1431548552356343,1.1198734299926965,0.03798958576965685,0.03798958576965686,0.0,0.011105752238686444,0.0034482127747524688,0.002549625390933751,0.002695105762608497,0.005964926518756032,0.002876522335418179,0.004948792305106567,10
basic auction (naive prediction),14,29.57175124255273,116.74388258396127,10.281796302180064,0.12367142497069757,15.095546035026596,112.65691666666666,25.76563399122889,11.987916666666667,9.987916666666667,0.0,0.7699166666666667,0.20057806707441966,0.09160855876365158,0.17001868086749422,0.18794226760350718,0.05965901847715403,0.2901934072137733,0.39937687645899733,1.4626095743114564,0.13096278156942934,0.011611893989582995,1.6385329765918961,2.509146616852351,1.1163978073111656,0.03572393649995356,0.03572393649995356,0.0,0.010672979007429514,0.0027915560326480945,0.001923836596631961,0.0021782682201786957,0.006345706502471242,0.0023884692919364254,0.004314057254072759,10
basic auction (naive prediction),16,29.67438986022131,117.46371544578093,10.221697956186109,0.12061914680125682,14.684427903910168,107.88699999999999,25.451460053786807,14.062416666666667,12.062416666666667,0.0,0.7471666666666666,0.1765690094624237,0.07802561244077323,0.1496766793092867,0.17126688923939223,0.05187198482989558,0.37258982471822855,0.4489335062046907,2.096775137119257,0.1840755506223486,0.013515748686691472,1.8816311645428203,2.9647456633997695,1.1405586827248686,0.031045193954731414,0.031045193954731414,0.0,0.010390855277302501,0.003083297238443989,0.0015452626512187004,0.002707802243270896,0.003970854424025768,0.0021962405078502375,0.004147187956845169,10
basic auction (naive prediction),18,29.94565973196517,118.57243601410217,10.122551200540867,0.11256997646337434,13.549293219467478,107.7895,25.64494872881938,16.042333333333335,14.042333333333335,0.0,0.7433333333333334,0.15842909567400768,0.069778998787886,0.1343013183868967,0.1487807494357426,0.046911561178163565,0.44179827653730347,0.2614186247153208,1.3064470941282194,0.11123418334105821,0.007505347039454759,1.0150495223313583,2.1576100809528107,0.795422472148668,0.059863454504147824,0.05986345450414758,0.0,0.00876129701802126,0.001746837232982243,0.0009684897035056615,0.0015978578385704239,0.004219444553951525,0.0012780319211882225,0.004040994713873001,10
basic auction (naive prediction),20,30.240320048180497,119.66506084996863,10.03038351554982,0.10387204458637234,12.385030948190524,102.64041666666667,24.660607301895123,18.137333333333334,16.137333333333334,0.0,0.7218333333333333,0.14392562940922446,0.061236122794462354,0.12199621308352515,0.13851537585325463,0.04095972070728142,0.49336693815225197,0.29315707526713786,1.388689310950089,0.11729941103032403,0.007936740916519028,1.074429141868016,2.8295974822343415,0.8412503057915586,0.046781643488525815,0.046781643488525815,0.0,0.010857656162327594,0.0018997889262500074,0.0013402623779782234,0.0014701273416078662,0.002457316030478813,0.0011637950776431584,0.003101898950015817,10
basic auction (naive prediction),22,30.052283563562405,118.6213372204725,10.120120482952624,0.10946395626906151,13.143553170607074,103.19616666666666,24.68325145559546,20.171,18.171,0.0,0.712,0.12968194290443405,0.05514566031133694,0.10993562650813231,0.1291582692559748,0.036959109847623656,0.5391193911724982,0.3566596799674217,1.757965640035274,0.1495327555375399,0.010306076281543147,1.3979633017213604,3.041550237333078,1.0991174583482612,0.04618703387020701,0.04618703387020701,0.0,0.013773358526888853,0.0018050551190285351,0.0016458966558424459,0.0016344376383721582,0.0033811598173961077,0.0016057747151292713,0.0035453635055995945,10
basic auction (naive prediction),24,29.957775151668308,118.44467612062218,10.137556783471343,0.11223972290163826,13.538544726305272,98.87041666666667,25.969848433780907,22.201500000000003,20.201500000000003,0.0,0.6990833333333334,0.11871877355962619,0.048906714722633846,0.10063610338717059,0.12143919927382255,0.03554465151563846,0.5747545575411084,0.46225927186796506,2.1911232334715494,0.19207080806716442,0.013262944020953665,1.8301346106255654,2.335509329659855,1.5387631299389741,0.04269801993506016,0.04269801993506016,0.0,0.014244767221910605,0.0022069375985727824,0.001219028098841367,0.0018092617211938797,0.002877798334875492,0.001626835492572262,0.003185884963023534,10
nearest vehicle (reference),6,21.93173566209405,84.23961181210579,14.247721722581787,0.35097640965822524,57.72976039283351,113.61891666666665,18.969463024081545,,3.7850833333333336,0.010833333333333334,0.0,0.33747174324350576,0.1583139672829445,0.28623698504761297,0.13463998404779162,0.07400701739968718,0.009330302978458004,0.2551442482481817,0.8607046772418266,0.14703901141009548,0.006923676456558831,1.7469035619670086,2.2987276875641056,0.8735428595335691,,0.03275700980289165,0.004052909803030864,0.0,0.003432165006520338,0.0016393230724033262,0.0030528357774160975,0.004920145293756588,0.0037720643457396412,0.0065364182189942095,10
nearest vehicle (reference),8,26.643209075047253,102.61626883486883,11.696592010479394,0.21103360828392864,28.55321806587694,118.95325,24.06271754501172,,3.6123333333333334,0.0195,0.0,0.3084079394796132,0.14886986226434848,0.26152326915331564,0.17782144319532403,0.08574107152241858,0.0176364143849801,0.22241536231859266,1.1339901994693136,0.13070454582821958,0.005968474708753191,1.0381150202985634,3.090048155551164,0.6851037886283278,,0.018938661169884005,0.005572396692573154,0.0,0.0032404000011338214,0.0018270524136776514,0.003045450621292374,0.006291190234625748,0.0026583715158308456,0.004175000176901577,10
nearest vehicle (reference),10,29.43860844882379,114.53177036253369,10.47989508746171,0.12791945595640503,15.655820029444147,127.80516666666668,26.299102999793313,,3.3832500000000003,0.005916666666666667,0.0,0.2754627009339532,0.13935801295565525,0.23351298457596803,0.24749052486923792,0.08366226629957982,0.020513510365605808,0.15170280017003096,1.3051684258897287,0.12241529869138057,0.004575940518228974,0.6425890863956311,2.120820986184616,0.7539254294221364,,0.018106527852233854,0.0009915621646893198,0.0,0.0034647576321929527,0.0017742975858852518,0.002569933858058744,0.0034712275073515058,0.0024694772055338515,0.005077524019300153,10
nearest vehicle (reference),12,30.955280658470326,121.8028162902355,9.852850914707352,0.08271201864276159,9.624078291165713,143.13975,28.525007428152065,,2.903583333333333,0.09225,0.0,0.24414801748492637,0.13261152523278197,0.20692922845210546,0.32038676335526506,0.08039749067823065,0.015526974796690487,0.14891809369121398,0.8610819495037514,0.06932991617207693,0.003441309890907021,0.444985079075679,2.353095673639646,1.481607897287515,,0.024774395370369882,0.006488125547655471,0.0,0.0016711019538486447,0.0012340073546137796,0.0015255940325269036,0.002733989503697599,0.0038832086004657713,0.0034457982023286694,10
nearest vehicle (reference),14,31.802815485501117,125.21815244612006,9.583994303953009,0.05757302827128228,6.519962988204343,227.62675,28.736225110550077,,1.8552499999999998,0.5099166666666667,0.0,0.21524435100701234,0.16109178283533776,0.18235464961802356,0.3418458962307272,0.07136469969421344,0.028098620614685727,0.1090237379498643,0.8182391689437105,0.06258665735391557,0.0032304270677769005,0.38525546146810175,4.867056980569414,1.4942413996736656,,0.03526538777777706,0.02019124973602715,0.0,0.0013958118379906602,0.0027245793496039838,0.0011594486620142336,0.0025509268330542473,0.003394472920337802,0.0031247402161981787,10
nearest vehicle (reference),16,32.4145202839211,127.95685827422422,9.37876144395403,0.0394209188346671,4.380358842418068,181.61216666666667,28.820427253870253,,2.0595833333333333,0.42925,0.0,0.1924166627526475,0.12262851796014296,0.1630423501273323,0.35597509573298985,0.06400021876694507,0.10193715465994233,0.111693666226957,0.7710721952220161,0.0566703288108993,0.0030055392363881406,0.3462372119754024,4.665028629882289,1.6590873621968059,,0.030944297094152938,0.017108594939447556,0.0,0.0010645347302518076,0.0019130642408573487,0.0008626746236864994,0.0036894051275842316,0.003465471649608428,0.00418091638387039,10
nearest vehicle (reference),18,32.738963344370504,129.97101903121728,9.233341748161216,0.02975798311359919,3.274488684851306,120.26733333333334,28.756656473741977,,3.9335,0.011166666666666667,0.0,0.17370390686455597,0.08361722808756164,0.14720976047926693,0.34217998829101265,0.05766699208840801,0.1956221241891948,0.12239286771576342,0.7275933713110416,0.05223260819139002,0.0032719664636122183,0.37094008824789176,2.8862270091391458,1.4788435112876959,,0.04209825699712198,0.004226506794654452,0.0,0.001111552288950755,0.0011044906944761269,0.0008363289372241365,0.0024872911975053385,0.002859854808585463,0.003358606671012394,10
nearest vehicle (reference),20,32.76419342683886,129.85024039663818,9.241814145305984,0.02901950954905802,3.190183700509286,111.69383333333333,29.144330399418628,,5.966333333333333,0.0,0.0,0.15618232533860005,0.07127070778120377,0.13236393978016567,0.3108957149944632,0.05255072075947344,0.2767365913460938,0.10414984656510526,0.6384359174160368,0.04612385077492201,0.0028276890730096534,0.3184108191002716,3.47698937718346,1.5592750682006042,,0.03813394177243009,0.0,0.0,0.000933081446206681,0.0018768818480528293,0.0006308746811621607,0.002049156738202914,0.0027149395041787525,0.00360239402287917,10
nearest vehicle (reference),22,32.78121700955727,130.039187745217,9.229025425357166,0.02851865179067826,3.1340196325122083,108.67783333333334,29.373859572382695,,7.978916666666666,0.0,0.0,0.1421878242463891,0.06357152465288723,0.12049235482937604,0.2842541056524997,0.04820282812993708,0.34129136248891084,0.12240729270440832,1.0276367945413167,0.07468287905403467,0.0029735398105736246,0.3375165233772259,3.521699853655762,1.3416069274439173,,0.027056792405115503,0.0,0.0,0.0012089326814604129,0.0014673793438869627,0.0008954804347686003,0.0026485711996618597,0.0019542993646929087,0.0033867262015176633,10
nearest vehicle (reference),24,32.8496933011338,130.4316278087581,9.200661505132292,0.02647691558918703,2.904036689321663,104.49291666666667,29.326693316387395,,10.010083333333332,0.0,0.0,0.13072246716815836,0.0566791417700099,0.11077753617970627,0.2620916412822176,0.04424348432019509,0.39548572927971276,0.12139938680173949,0.6786388784143977,0.047975289968903156,0.0035867253832965575,0.40310327572139876,2.527390468816997,1.7277377958614362,,0.0277077202796588,0.0,0.0,0.0006916929701619669,0.0011213969185887179,0.0005306592902310679,0.0015795903325372526,0.002448146954851503,0.0017837160869409133,10
risk-aware auction (full),6,22.052155747565532,84.11065622601555,14.269836735509594,0.34772633166033234,56.893333055820776,115.52558333333334,18.12150063702962,24.06683333333333,3.708416666666667,0.020833333333333336,0.01825,0.33695171345593405,0.15937351952587625,0.2857984176100448,0.13925845822240962,0.07055348360907102,0.008064407576664257,0.15716830281635938,0.9076839967776819,0.15369377768207007,0.005166163268765551,1.225936351332196,2.2957531410813146,0.43975146605258175,0.07768010477352003,0.0336583141233167,0.005731680010521118,0.005006946338448237,0.0036368139264335714,0.0018900412253000003,0.003388584553805292,0.006707972664816548,0.0015941397213318964,0.003508292966784845,10
risk-aware auction (full),8,26.705437073211602,102.8872864572705,11.66825559984935,0.2094627295214524,28.29058569332853,120.08966666666666,23.049522171300985,27.518250000000002,3.49275,0.026916666666666665,0.011333333333333334,0.3091919953131884,0.15044550432733683,0.2621806574147612,0.1813494017644225,0.08237081272254645,0.014461628457744602,0.24799161162711192,1.595279589928421,0.1836600206223998,0.007436010599550704,1.2663487451520097,2.0600886109868366,1.0202330613719417,0.07876973128705765,0.022826696910137504,0.005302623183455127,0.0028823262774408283,0.004587523055418841,0.0011684331627271234,0.003967598189399125,0.009222511254114099,0.00412983294384528,0.005226838120729424,10
risk-aware auction (full),10,29.387974088786756,114.57695521375868,10.474194087654752,0.1293733609675035,15.861402178564882,127.47041666666667,26.893034636043843,30.951166666666666,3.2310833333333333,0.020916666666666667,0.023583333333333335,0.2755123477474675,0.13895665451888545,0.23357620016868852,0.24757690843061728,0.08557490222081407,0.01880298691352712,0.1755169693011601,0.7954573506860793,0.07239173103047528,0.00497349445136189,0.6990932561365315,2.0317265164635945,1.2711350145144198,0.08813430269111656,0.030139897773341924,0.006845849357613265,0.008770531173814761,0.0020091073930473737,0.001385627591173763,0.00166264929676744,0.0028140403684482444,0.003871132141901509,0.00530266469977495,10
risk-aware auction (full),12,30.95209952012553,122.26425954985515,9.816204795349059,0.0827638920656822,9.635050434741192,151.1705,28.871403612247427,31.143416666666667,2.4614166666666666,0.22999999999999998,0.21666666666666665,0.24507873141018596,0.13807104671698828,0.20770765432284266,0.31288828470400387,0.08164089292751525,0.014613389918463966,0.20166391323518645,1.1010401354656256,0.08832129163032947,0.005619817456971849,0.716730403935735,3.0767138965368432,1.8357073794511605,0.6613146108425613,0.045762975271117445,0.02050666691142517,0.03890257532566106,0.0022630302900543413,0.0016181318659226078,0.0018776820879323418,0.0032030947301828275,0.0045731396414340365,0.003905938044515116,10
risk-aware auction (full),14,32.03742072833669,126.68416353956756,9.473758226042756,0.0505833881068687,5.6908059282260375,197.96725,28.88609852830488,22.559583333333332,2.0296666666666665,0.54925,0.24183333333333334,0.21777855202254098,0.14763451758559995,0.18448820054832454,0.33533689579862536,0.07256340343100462,0.04219843061390456,0.18492383461129597,1.1529426726228893,0.08638085345657696,0.005520743751508025,0.6535877921594618,8.447173943473935,1.6465298523536533,2.3851009855606393,0.09542115113775107,0.0189754244848673,0.05975121777312431,0.0019001156401156833,0.0037795689531682497,0.0016438103312068591,0.0022240236624971156,0.0037441834879700184,0.005730170465368545,10
risk-aware auction (full),16,32.46613964694369,128.4189206896543,9.344854464881612,0.03788410095521116,4.202787173931891,171.29883333333333,29.177281531221873,18.94675,1.9946666666666666,0.38558333333333333,0.03216666666666666,0.19310562205656848,0.11800269195158142,0.1636285446580045,0.35651966729299583,0.06503430293587385,0.10370917110497593,0.10557800219800804,0.6627068765974399,0.048154885642409995,0.0029839637350152683,0.3425826959342592,3.6316250604606846,1.4832995109780662,0.08502126441099613,0.026725162218462623,0.008556316686759697,0.005303740034631228,0.0012485215628129822,0.001643625707323466,0.0007814688594745649,0.0020625282071165376,0.0032441299012834816,0.003445983741373993,10
risk-aware auction (full),18,32.750467387721386,129.95224930720482,9.234525693319538,0.02941640424733257,3.2349634489467824,118.63691666666666,29.358437688452653,20.003833333333333,3.6886666666666663,0.0105,0.005083333333333334,0.1736860165088824,0.08263928415183741,0.14719619698105768,0.3424482653115504,0.058865556233616556,0.19516468081305555,0.09580000591270924,0.6160788615662894,0.04373462692014035,0.002814001233280344,0.3162363523969134,1.3700172236946846,0.908010285389754,0.015922135532608767,0.025512724863565227,0.003421049617214923,0.0017425427571171185,0.0008036220583809027,0.0008873412593956467,0.0006882849703278641,0.001798914499042299,0.0016393282747090806,0.002957973462580278,10
risk-aware auction (full),20,32.822659908844365,130.2527494121119,9.21318188195799,0.027284767373413822,2.99392743536185,111.45441666666666,28.665636876034277,21.996000000000002,5.707666666666666,0.0,0.00475,0.15666290876793829,0.07139639183757722,0.13276973637820938,0.31104449776384513,0.0518505091321851,0.2762759561202449,0.10197655449033675,0.581480780186555,0.04133525253906097,0.0023640132331667865,0.267561893724922,3.23469175707621,1.0453960077155544,0.0017950037191376215,0.027103087670499293,0.0,0.0019275918663309991,0.0007723075570332626,0.0014662150785197908,0.0006523158197496895,0.0021326995400883005,0.00178069186635781,0.002787233068834926,10
risk-aware auction (full),22,32.82551526629048,130.29556010830936,9.210102065631819,0.02720521305307768,2.9850402021788867,107.72233333333334,28.72351294704983,23.995916666666666,7.709083333333334,0.0,0.004,0.1424650358431176,0.06350287058957442,0.1207317369744609,0.284169020380307,0.04724362401193072,0.3418877122006093,0.09289699490548682,0.5316456354080644,0.037868872085223756,0.002824798832244825,0.3171327460940175,2.483392081511817,1.238141963462734,0.0018092456563625868,0.028484891051329505,0.0,0.0013709567359459296,0.0006680906514307578,0.0011551803384700554,0.0005262676886509428,0.0019923278376125816,0.001973242064883906,0.0026811137503041623,10
risk-aware auction (full),24,32.88513434835349,130.59841652656002,9.188589103391433,0.025419351680595597,2.783513136531071,104.65975,28.570620494879485,25.99616666666667,9.690833333333334,0.0,0.004,0.13090228371935092,0.05690160103068733,0.11094131905217411,0.2618083115433083,0.04317712078887846,0.39626936386560085,0.08156570104959496,0.35077865032435773,0.024617639242672754,0.002091942917737584,0.2339680649325952,1.817555476808318,1.1907160696559789,0.0012630221178638952,0.033160210479609514,0.0,0.0014273981323696212,0.0005870906770332843,0.0009052762524860196,0.0004247852192815311,0.0012801665653786945,0.0017519118451887685,0.0018891246796895452,10
"two-way auction, no risk margin (z=0)",6,21.76213678557393,82.77141661550964,14.501368842447866,0.35605253983833923,59.005439221739,124.30166666666666,17.867973870045663,23.543583333333334,3.49875,0.08758333333333333,0.10616666666666667,0.33159239400551,0.16381352721974934,0.2812280464824694,0.1410765041905287,0.06843855094875576,0.0138509771529868,0.15091600099216648,0.9773555447905499,0.17387847679897134,0.004082889770964634,1.067196308813807,3.0556494095542885,0.9718328075131877,0.18000298420399388,0.0287811066929256,0.005884306802991714,0.00829457626359342,0.0042713726242656295,0.0019606277955101863,0.0030471701087462252,0.005339843521283322,0.0034684332436548046,0.0049173064507102345,10
"two-way auction, no risk margin (z=0)",8,25.676460092215343,99.91521206818334,12.010858663307141,0.23943347083710664,33.598400080193144,139.10216666666668,22.3054850313626,26.286250000000003,3.0909166666666668,0.1305,0.26266666666666666,0.3003212116707866,0.15976624799515676,0.25466075680679945,0.1935309389081584,0.07736965447718168,0.014351190141917117,0.15551130893215612,0.56575077237654,0.06783177761335878,0.0053429338808911805,0.951532543313927,3.0427786169309843,0.9613510750915676,0.20625918327755133,0.03727652849134565,0.01126601261177429,0.014754955405558042,0.0019537155283280796,0.002073602761664659,0.0013988383361176276,0.0045426584451361855,0.0031661880157085797,0.004426522306625809,10
"two-way auction, no risk margin (z=0)",10,29.15427967404417,115.11175518600426,10.426461029382558,0.13607311706196684,16.811130644392797,139.78466666666668,25.30053207735475,23.38283333333333,2.982083333333333,0.16775,0.5,0.27684703070125705,0.14772529666699558,0.2346860642661614,0.24727630194320263,0.08088958628014309,0.012575720142240288,0.15118857084524484,1.133642379766832,0.10445721746547446,0.0049870639887414055,0.7039203806320492,1.7726620283341692,0.714615765542581,0.45903041889044055,0.01860303683753899,0.009239706196156538,0.015834601419837394,0.0025733291320649398,0.002107856507566776,0.0024755846937646307,0.004591484610648548,0.002220585659173611,0.003388586030942178,10
"two-way auction, no risk margin (z=0)",12,30.859400353874786,122.15240762761535,9.824965123462166,0.0854863074306315,9.981604813422674,159.21208333333334,28.08405840669305,16.059666666666665,3.04225,0.4215,0.5358333333333334,0.24487044910407088,0.1418640644796083,0.20752590339326557,0.29433074041019364,0.07935118063649799,0.03205766197636362,0.20728095374713676,1.005714392033218,0.0809349766376519,0.005550961214081293,0.7215263059859021,3.125860097161753,1.6866397353793638,0.361834748684035,0.03861840570465621,0.012981118862937971,0.009959329267317605,0.0022511881617436565,0.0024262783463694635,0.001686187291125935,0.004497443797686042,0.004242733656888879,0.0036230550007118048,10
"two-way auction, no risk margin (z=0)",14,31.66385177086126,125.08611875146994,9.594185043788332,0.061662871310164645,7.014899719278835,175.78058333333334,29.36832398352106,15.90125,2.6557500000000003,0.5191666666666667,0.31675,0.2149713873552095,0.1334051384899488,0.18215104684155164,0.3341444690528742,0.07285644554553453,0.062471512714881314,0.14073085938715735,0.856226622854956,0.06599337984949902,0.004037141826632938,0.4897368622846443,2.119798924615304,1.317779517046516,0.15178322291466734,0.04737349919925584,0.015361215002284457,0.00778503046486477,0.001700439859552389,0.0010465365479489439,0.0014228010930246624,0.001463533982548182,0.0028929803391693544,0.0024227599536752707,10
"two-way auction, no risk margin (z=0)",16,32.426442233477744,128.30241014363634,9.35387366822049,0.039051298595573034,4.340691973946321,157.22525000000002,28.43370451483014,18.044166666666666,2.16225,0.32466666666666666,0.06358333333333334,0.19295524548861326,0.11108306522464788,0.16347504193214693,0.35920939035546384,0.06329854142812762,0.1099787155710005,0.17731494270743722,0.9842227402135211,0.07195020607225402,0.0045951842852669424,0.5350857674233542,2.8288573448633993,1.7486952482006854,0.028583901606513574,0.03555531145210753,0.013813435724157082,0.0058073049799309655,0.0016437259061183264,0.0017031629229120303,0.0011378932218662206,0.0025875993030603874,0.0035970021212371425,0.003740328828591086,10
"two-way auction, no risk margin (z=0)",18,32.78262760592192,130.1276494566269,9.221819762717178,0.028472932863557156,3.12779826014199,118.46466666666667,29.526703195030564,19.98975,3.7090833333333335,0.010499999999999999,0.009666666666666667,0.17390780982606183,0.08269739581079502,0.14738157522738213,0.3417677576496947,0.05928754407312532,0.194957917412941,0.09056254381722041,0.33175664915519726,0.023530904655865024,0.0021863498092399877,0.24723004805507337,2.3878768972773172,1.4518558045256629,0.006650413850604197,0.04425527581262606,0.004745806554289255,0.0020688781573544547,0.0006779942092141264,0.001304308616546756,0.0005178962768588336,0.0013839932930982913,0.0028396947613072935,0.002255088030412625,10
"two-way auction, no risk margin (z=0)",20,32.79383625261554,130.04324858568475,9.227969645291456,0.02814564813955047,3.0918303470130652,111.07091666666668,28.617430543721603,21.990333333333332,5.725083333333333,0.0,0.007416666666666667,0.1564082163777877,0.07118409532231765,0.13255317295962343,0.3109451776066937,0.05167831747279529,0.2772310202607822,0.10857530618364719,0.5281487578465897,0.03784320318534253,0.0034084464913976664,0.3835484341632489,2.7521366475912887,1.457659591098203,0.005206056904028255,0.03952531225179095,0.0,0.0025205672865395634,0.0008310860740048338,0.0014391503887544845,0.0005863592231831917,0.0018175474523438925,0.002534565328627116,0.003259819660447995,10
"two-way auction, no risk margin (z=0)",22,32.84241559501391,130.44400625180643,9.199603490730686,0.026687968689820363,2.9270485881878687,107.08641666666668,28.91289179466504,23.992,7.6978333333333335,0.0,0.008333333333333335,0.14262199524053737,0.06317092092764612,0.12086383179926723,0.28457888211655996,0.047604457788924526,0.34115991212706476,0.10849036146640412,0.5171694270641396,0.036430915669139904,0.002840694563923126,0.3201670889364338,2.293388766371879,1.2550869835682286,0.002180386662807718,0.02980680269460239,0.0,0.0016861123972682814,0.0006041745712701818,0.0010519238487869224,0.0005283889231244048,0.0014439522223202094,0.0019392626614434026,0.0018472420884690975,10
"two-way auction, no risk margin (z=0)",24,32.84075944966105,130.33573119294795,9.20707792552882,0.026745065780514627,2.9331583107585546,103.36949999999999,28.94469162939427,25.9945,9.701416666666667,0.0,0.005916666666666666,0.13063658814748708,0.0562161377734644,0.11071344096861277,0.2622343170302748,0.04365589696502784,0.39654361911513314,0.08695607572745612,0.3003204333845,0.02126850654665303,0.0029475572061938055,0.3300045909547211,2.483866575998836,1.0946865751221135,0.0018470435889458238,0.028496809880210815,0.0,0.0016494147893928311,0.00045171960055847844,0.001035526707408313,0.000325281827561019,0.001381514049114222,0.001612960193036878,0.0019765138320536777,10
"two-way auction, risk margin, no adaptive commit",6,22.052155747565532,84.11065622601555,14.269836735509594,0.34772633166033234,56.893333055820776,115.40208333333332,18.12169382326139,24.065583333333333,3.71425,0.020166666666666666,0.021083333333333336,0.33695172801825873,0.15926712197080195,0.2857984176100448,0.13857428583930098,0.07055423511972783,0.00885421144186574,0.15716830281635938,0.9076839967776819,0.15369377768207007,0.005166163268765551,1.225936351332196,2.2366273049530982,0.43970950249179874,0.07639940164336605,0.03476174464278503,0.005893358814364088,0.004335801228696559,0.0036368033328443294,0.0019040076352474522,0.003388584553805292,0.00661965967699109,0.0015939485188578714,0.004246437103223142,10
"two-way auction, risk margin, no adaptive commit",8,26.705043755724148,102.88319948117763,11.668693689947395,0.20947475098148516,28.292759481046595,119.61516666666667,23.046444481219204,27.49675,3.5130000000000003,0.018666666666666668,0.018,0.3091846917246454,0.15011546614155752,0.26217026104861707,0.18005262605510192,0.08235669588481749,0.016120259145260614,0.24854470105089152,1.591019103777992,0.18321606845016908,0.007463422537858019,1.270464828818272,2.0928532707793237,1.0136453561781473,0.07736515128366978,0.02801208487033516,0.005493898259786762,0.0027129589806860893,0.0045800592050862015,0.0011731158662534019,0.003957197171830456,0.009688073414771943,0.004109398781357567,0.005376890203211591,10
"two-way auction, risk margin, no adaptive commit",10,29.38770864497228,114.57271048999439,10.474576855527157,0.12938149179332234,15.862551175693412,127.50075,26.89015700791851,30.943916666666667,3.242166666666667,0.02016666666666667,0.026583333333333337,0.2755027355612351,0.13899408333162544,0.23357050633199697,0.24714274177907797,0.08556257287645024,0.01922736011961428,0.1755289736604109,0.7930777303986035,0.07217498749484345,0.004976341814046373,0.6994436631857632,2.066318750888622,1.2646582340303174,0.08905769181608829,0.028306552593186332,0.006713936871371451,0.00956888386408774,0.0019980151250528497,0.0014214494823273714,0.0016581119607844976,0.002780518946951426,0.0038495957313219456,0.005364599564502393,10
"two-way auction, risk margin, no adaptive commit",12,30.839583471972453,121.72980066334951,9.859450505678252,0.08609494387594488,10.056796717688153,150.67758333333333,28.52445426259585,30.862583333333333,2.472166666666667,0.22291666666666665,0.21541666666666667,0.24401769873843934,0.13705176417107873,0.20680900838236266,0.3149883152534122,0.08033684791217359,0.016796365542533463,0.15382037146585525,1.1503288800285205,0.0934024330340363,0.005263721876057444,0.6628096767356257,3.6061678331782177,1.161461262337854,0.7556827531268451,0.054355299726759954,0.02584188432721702,0.04129852101504902,0.0019714614976857965,0.0023875742349480744,0.0019538192827371825,0.003990849872074643,0.0027922775697410925,0.0048333522951536315,10
"two-way auction, risk margin, no adaptive commit",14,32.31037372359623,128.04963934771098,9.371718040588593,0.04247978535485297,4.7374976934858495,145.873,29.792571406303928,17.799500000000002,3.0169166666666665,0.258,0.42733333333333334,0.2200573968374524,0.12086407839570923,0.18646244882608076,0.31080112882083466,0.07566663990385628,0.0861483072160667,0.16296307239796476,0.5929587978011611,0.04326182270635704,0.004292331655514671,0.4985280624092199,6.824005446066042,2.279748001986492,1.1412342770570616,0.18382213784395407,0.033473330231841965,0.027634016784803817,0.0012248906626563375,0.0034693951163999345,0.0008841007960644677,0.0052700759131704255,0.005602354960955182,0.00852525896338724,10
"two-way auction, risk margin, no adaptive commit",16,32.650987806464805,129.42353463747307,9.272358269377643,0.032386219292464574,3.5741281397271516,116.99241666666667,28.877153837051583,16.426166666666667,5.092666666666667,0.02425,0.426,0.19460896779397646,0.09196871622954995,0.16490666423159656,0.28510788452500047,0.06486666849676126,0.19854109872311532,0.1415501993793695,0.6969533304057522,0.0500784293191253,0.003919943684863958,0.4481633539158622,3.824905933863181,1.6394382976676485,0.1442015529169132,0.19352660632098614,0.012062383354229145,0.019246808686473178,0.00099946786157462,0.0022878641699058478,0.0007666267823314822,0.005706082621106628,0.0035569378319658656,0.00921660367271271,10
"two-way auction, risk margin, no adaptive commit",18,32.696189359601846,129.761382446705,9.248079385219578,0.031024549854076017,3.418554244208906,111.06983333333332,28.877726042391867,18.46216666666667,6.8835,0.0005833333333333334,0.3953333333333333,0.17344030247736658,0.079091970052656,0.14696162788337042,0.2611245024492337,0.05781129855572039,0.28157029858165294,0.1330385854877817,0.5889647380495407,0.04206049709758083,0.003386665023901206,0.3861695212975487,2.7716857935633055,1.5911296209267944,0.30200169446635144,0.6143523150527407,0.0011258299285707182,0.07557638200178617,0.0008636315414277472,0.0015617312848562911,0.0007602068365207124,0.01633626096694818,0.0030433171742553834,0.017735238260795306,10
"two-way auction, risk margin, no adaptive commit",20,32.690949058196075,129.5019176100762,9.266740444544713,0.031214450041773655,3.440239983147135,112.42725,28.18698104837751,20.455916666666667,8.954916666666666,0.0,0.3968333333333333,0.1557831719449241,0.07151742520924682,0.13200061744416444,0.23484958506901207,0.050686937287150555,0.35516226304550197,0.1338738765950817,0.6942466562860797,0.04968079853488804,0.003502478847971628,0.39905587304957607,3.9472877059107625,1.4407595357125602,0.20164135882631998,0.4150492045319721,0.0,0.04830645809117914,0.0009675274604511568,0.0016294915364993593,0.0007199962661181414,0.010368157754772163,0.002478188022881903,0.010851442174249937,10
"two-way auction, risk margin, no adaptive commit",22,32.70580196949159,129.61976679526683,9.258224872591072,0.030753751988183965,3.386904449809047,108.251,28.726216517112867,22.3675,11.126833333333334,0.0,0.41516666666666663,0.14173982061496276,0.06312375706697015,0.12011875075691039,0.21093778197657942,0.047005412229847485,0.4170744773547298,0.09796851108809075,0.6226956950872025,0.04469779455762963,0.00316532187453981,0.35628545343040396,3.1035678808047864,1.1048643805553464,0.11129938404785703,0.16709341718865767,0.0,0.014281724794585136,0.0007659044937027399,0.0013835940409406004,0.0005083929989129622,0.005170125199506996,0.0016854019139891803,0.005699525376915419,10
"two-way auction, risk margin, no adaptive commit",24,32.73323791054254,129.88994183675288,9.238935136563544,0.02992809808187752,3.2933251299927226,105.02158333333334,29.28219556808416,24.33725,13.176416666666665,0.0,0.42141666666666666,0.13020775684079317,0.05667662943524426,0.11033979383209376,0.19369508507249558,0.044012921040601755,0.4650678137787715,0.11041684943114233,0.5986196520898727,0.04250392943827922,0.002981909862922502,0.3373216951668851,3.2730840831599965,1.3269237595512517,0.10042087540560495,0.1921971019362281,0.0,0.01015582416363535,0.0008306953318888309,0.0012620158681165507,0.0005510495836213333,0.003953034174675501,0.001953726967875411,0.006127081159784119,10
