policy,n_agv,qc_productivity,berth_productivity,makespan_h,qc_wait_share,qc_wait_per_move_s,empty_m_per_move,asc_wait_per_move_s,messages_per_job,options_per_decision,single_choice_share,busy_assigned_share,agv_loaded_travel,agv_empty_travel,agv_handling,agv_wait_qc,agv_wait_asc,agv_idle,qc_productivity_ci,berth_productivity_ci,makespan_h_ci,qc_wait_share_ci,qc_wait_per_move_s_ci,empty_m_per_move_ci,asc_wait_per_move_s_ci,messages_per_job_ci,options_per_decision_ci,single_choice_share_ci,busy_assigned_share_ci,agv_loaded_travel_ci,agv_empty_travel_ci,agv_handling_ci,agv_wait_qc_ci,agv_wait_asc_ci,agv_idle_ci,n_reps
auction,6,19.33633666920508,76.45654760299098,15.697148503245021,0.4269918327816683,79.53190181228351,248.7745,13.372585494923452,3.0678333333333336,1.0678333333333332,0.9805833333333334,0.9935,0.3063907361037594,0.24486213242645918,0.25982584037010265,0.13575829926066985,0.0473228194222019,0.00584017241680703,0.18303107151574532,0.6434119084345095,0.13237204986574486,0.004916117722063415,1.6638704171939334,2.574743214836166,0.704058010748306,0.01085547393817487,0.01085547393817484,0.002866528826326919,0.0009235217944729392,0.0030136725104164463,0.003065455741566198,0.002409659584296596,0.007972622114060125,0.002383737918824916,0.0014280815229608507,10
auction,8,23.357796288738253,92.11020663493552,13.030033896347367,0.3078571099883535,47.487622451029075,209.92291666666665,17.980161458156942,4.585500000000001,2.5855,0.14808333333333334,0.98475,0.2768235077784638,0.19554016970513083,0.23473408650743485,0.22493757185341717,0.057495887334407816,0.010468776821145503,0.2526607354105091,0.8958552422693145,0.1263820529244177,0.007601513639120971,1.6705877577538653,2.386108535913693,0.9018497616667898,0.03059002177645116,0.030590021776451107,0.011762740583407361,0.003142513262495372,0.0027284183236222065,0.0031812074708698476,0.002138733682554474,0.007831985843681444,0.002863304434957108,0.0024951311077802863,10
auction,10,28.881814258194602,113.80901489222367,10.54549170774923,0.14413440527776272,17.991850871666927,144.28050000000002,24.241162891400357,7.858583333333334,5.858583333333334,0.0,0.8931666666666667,0.2737143018632936,0.1486119894330147,0.2320355776700211,0.23955803458874697,0.07661540630204138,0.029464690142882305,0.294472623196941,1.0257742867404436,0.09536706920538086,0.009267073559334435,1.3374075312501532,3.4328260273773603,0.7579926504315005,0.01476365017489738,0.01476365017489738,0.0,0.004441518631217272,0.0024665642878974113,0.00199151505059911,0.0018288532889868835,0.004671619574711259,0.0021220355975494418,0.0038775464344182253,10
auction,12,31.01431029536467,122.86738305365775,9.767990525027951,0.08088434089797723,9.397632906449564,118.28266666666666,27.191607284782314,10.45975,8.45975,0.0,0.7060833333333333,0.2462836221460146,0.11674209422160935,0.20875017903680715,0.2364295044440597,0.0772840189451311,0.11451058120637816,0.19382508198826953,1.0869202277423484,0.08759337959931245,0.006168107699555065,0.7773138332683912,1.8230241599135688,1.5747501431469144,0.04162782954336936,0.04162782954336936,0.0,0.00423444039800471,0.0021274057398002256,0.0009561200664728359,0.0020319594448766428,0.003937496421436096,0.003971931372473358,0.0048771077393212426,10
auction,14,31.18384515412881,123.31579214796018,9.732390344199203,0.07588275085272082,8.767046249928262,113.27874999999999,28.25029864597006,12.5375,10.5375,0.0,0.6629166666666666,0.211903265547495,0.0972995691827001,0.17959152626674893,0.2080516458379575,0.06909788660713433,0.23405610655796413,0.1855382162757632,1.0663111070053366,0.08395065593744394,0.004800393784631068,0.604821888943483,2.5801451077143063,1.2863350623129552,0.03621763498454087,0.03621763498454087,0.0,0.008082647878444888,0.002163386183241495,0.001420668079481608,0.0016203402801844237,0.0024246154165278315,0.002906848283520881,0.004773714974243063,10
auction,16,31.219018339118254,123.36458748003068,9.729182305394081,0.07487779301761173,8.642650736309148,109.24224999999998,28.009346465400228,14.579416666666665,12.579416666666667,0.0,0.65075,0.18546897153735462,0.08274622630962682,0.15719825891237538,0.18658960087832271,0.05996486279248612,0.3280320795698343,0.17975588992468364,1.2938997713020832,0.10397459128142057,0.005732031906324367,0.7127755956907417,4.040012408264913,1.5025500608688334,0.044467651656984276,0.044467651656984276,0.0,0.008535062168155074,0.0018930499202796062,0.0025644757360323597,0.0015246644878442344,0.0031739259236913107,0.0030203485554043084,0.004576316094933597,10
auction,18,31.16576780610428,123.30392582832562,9.73282500844383,0.07643074380819166,8.833592628838321,106.73433333333332,28.279810633002285,16.62141666666667,14.621416666666667,0.0,0.6373333333333333,0.1647944298201382,0.07220641725274497,0.13967476248092495,0.17050655785185806,0.05378803871299879,0.399029793881335,0.14737992340924733,0.832598222158064,0.06524279571029452,0.004234085163201854,0.526396057453216,2.792617826212199,1.803225495235977,0.047041939932278905,0.047041939932279286,0.0,0.012503912651108576,0.0011020734121948463,0.0017029764062219462,0.0009294453212995796,0.003114111549905485,0.003267698677856592,0.004148836693367224,10
auction,20,31.108850701472267,122.88440766206807,9.76590728707412,0.07811836281243187,9.049824757585348,106.80366666666666,28.022583766371525,18.649250000000002,16.649250000000002,0.0,0.6420833333333333,0.14779830858348714,0.06485744724905565,0.1252719011055581,0.15572109774265083,0.04781588046319903,0.4585353648560493,0.21013179103323062,0.7459511766050876,0.0592518635197524,0.006126755711408152,0.7711735712477874,3.0209160901224337,1.4391110366524846,0.056258132514300625,0.056258132514300625,0.0,0.0073563061191401985,0.001139341496136607,0.001312396847085412,0.000773819292049127,0.0033336041516109425,0.0023488246068878713,0.003965236542275061,10
auction,22,31.245482613043645,123.87741022847425,9.688059669206751,0.07402474259892726,8.540260779550966,103.4605,27.306303138094087,20.67066666666667,18.67066666666667,0.0,0.6289166666666667,0.1354541039131774,0.05802723495966268,0.11480796931729284,0.14386001167367257,0.042697918314335434,0.5051527618218591,0.22217390155942623,0.978578594399131,0.07655093828747163,0.007172979663164492,0.8878052504014878,1.5964665854974653,1.1610376443964332,0.04659643122391961,0.04659643122391961,0.0,0.005317495245148076,0.0011393880182228831,0.0008094656596787218,0.0008757818705933387,0.0020159182177176996,0.0016763771760715492,0.003719030016821816,10
auction,24,31.391961408753104,124.29340666072918,9.655872556459837,0.06969122126737208,8.002254585562621,101.72933333333333,28.321565005407706,22.69558333333333,20.69558333333333,0.0,0.6136666666666667,0.12459145552431054,0.052594380765756496,0.10559514199834515,0.1319152246821654,0.04072019269198093,0.5445836043374415,0.21807653482747888,1.0868307248632316,0.08438674291522301,0.006596366107815749,0.8095755951409661,2.9041797135721423,1.7865074203940252,0.05864211896588976,0.05864211896588976,0.0,0.009707153418078178,0.001141127879984162,0.0011616157354260685,0.0007357134429551613,0.002239174293087395,0.0023948664018181034,0.0037149177671570405,10
auction_ra,6,22.052155747565532,84.11065622601555,14.269836735509594,0.34772633166033234,56.893333055820776,115.52558333333334,18.12150063702962,24.06683333333333,3.708416666666667,0.020833333333333336,0.01825,0.33695171345593405,0.15937351952587625,0.2857984176100448,0.13925845822240962,0.07055348360907102,0.008064407576664257,0.15716830281635938,0.9076839967776819,0.15369377768207007,0.005166163268765551,1.225936351332196,2.2957531410813146,0.43975146605258175,0.07768010477352003,0.0336583141233167,0.005731680010521118,0.005006946338448237,0.0036368139264335714,0.0018900412253000003,0.003388584553805292,0.006707972664816548,0.0015941397213318964,0.003508292966784845,10
auction_ra,8,26.705437073211602,102.8872864572705,11.66825559984935,0.2094627295214524,28.29058569332853,120.08966666666666,23.049522171300985,27.518250000000002,3.49275,0.026916666666666665,0.011333333333333334,0.3091919953131884,0.15044550432733683,0.2621806574147612,0.1813494017644225,0.08237081272254645,0.014461628457744602,0.24799161162711192,1.595279589928421,0.1836600206223998,0.007436010599550704,1.2663487451520097,2.0600886109868366,1.0202330613719417,0.07876973128705765,0.022826696910137504,0.005302623183455127,0.0028823262774408283,0.004587523055418841,0.0011684331627271234,0.003967598189399125,0.009222511254114099,0.00412983294384528,0.005226838120729424,10
auction_ra,10,29.387974088786756,114.57695521375868,10.474194087654752,0.1293733609675035,15.861402178564882,127.47041666666667,26.893034636043843,30.951166666666666,3.2310833333333333,0.020916666666666667,0.023583333333333335,0.2755123477474675,0.13895665451888545,0.23357620016868852,0.24757690843061728,0.08557490222081407,0.01880298691352712,0.1755169693011601,0.7954573506860793,0.07239173103047528,0.00497349445136189,0.6990932561365315,2.0317265164635945,1.2711350145144198,0.08813430269111656,0.030139897773341924,0.006845849357613265,0.008770531173814761,0.0020091073930473737,0.001385627591173763,0.00166264929676744,0.0028140403684482444,0.003871132141901509,0.00530266469977495,10
auction_ra,12,30.95209952012553,122.26425954985515,9.816204795349059,0.0827638920656822,9.635050434741192,151.1705,28.871403612247427,31.143416666666667,2.4614166666666666,0.22999999999999998,0.21666666666666665,0.24507873141018596,0.13807104671698828,0.20770765432284266,0.31288828470400387,0.08164089292751525,0.014613389918463966,0.20166391323518645,1.1010401354656256,0.08832129163032947,0.005619817456971849,0.716730403935735,3.0767138965368432,1.8357073794511605,0.6613146108425613,0.045762975271117445,0.02050666691142517,0.03890257532566106,0.0022630302900543413,0.0016181318659226078,0.0018776820879323418,0.0032030947301828275,0.0045731396414340365,0.003905938044515116,10
auction_ra,14,32.03742072833669,126.68416353956756,9.473758226042756,0.0505833881068687,5.6908059282260375,197.96725,28.88609852830488,22.559583333333332,2.0296666666666665,0.54925,0.24183333333333334,0.21777855202254098,0.14763451758559995,0.18448820054832454,0.33533689579862536,0.07256340343100462,0.04219843061390456,0.18492383461129597,1.1529426726228893,0.08638085345657696,0.005520743751508025,0.6535877921594618,8.447173943473935,1.6465298523536533,2.3851009855606393,0.09542115113775107,0.0189754244848673,0.05975121777312431,0.0019001156401156833,0.0037795689531682497,0.0016438103312068591,0.0022240236624971156,0.0037441834879700184,0.005730170465368545,10
auction_ra,16,32.46613964694369,128.4189206896543,9.344854464881612,0.03788410095521116,4.202787173931891,171.29883333333333,29.177281531221873,18.94675,1.9946666666666666,0.38558333333333333,0.03216666666666666,0.19310562205656848,0.11800269195158142,0.1636285446580045,0.35651966729299583,0.06503430293587385,0.10370917110497593,0.10557800219800804,0.6627068765974399,0.048154885642409995,0.0029839637350152683,0.3425826959342592,3.6316250604606846,1.4832995109780662,0.08502126441099613,0.026725162218462623,0.008556316686759697,0.005303740034631228,0.0012485215628129822,0.001643625707323466,0.0007814688594745649,0.0020625282071165376,0.0032441299012834816,0.003445983741373993,10
auction_ra,18,32.750467387721386,129.95224930720482,9.234525693319538,0.02941640424733257,3.2349634489467824,118.63691666666666,29.358437688452653,20.003833333333333,3.6886666666666663,0.0105,0.005083333333333334,0.1736860165088824,0.08263928415183741,0.14719619698105768,0.3424482653115504,0.058865556233616556,0.19516468081305555,0.09580000591270924,0.6160788615662894,0.04373462692014035,0.002814001233280344,0.3162363523969134,1.3700172236946846,0.908010285389754,0.015922135532608767,0.025512724863565227,0.003421049617214923,0.0017425427571171185,0.0008036220583809027,0.0008873412593956467,0.0006882849703278641,0.001798914499042299,0.0016393282747090806,0.002957973462580278,10
auction_ra,20,32.822659908844365,130.2527494121119,9.21318188195799,0.027284767373413822,2.99392743536185,111.45441666666666,28.665636876034277,21.996000000000002,5.707666666666666,0.0,0.00475,0.15666290876793829,0.07139639183757722,0.13276973637820938,0.31104449776384513,0.0518505091321851,0.2762759561202449,0.10197655449033675,0.581480780186555,0.04133525253906097,0.0023640132331667865,0.267561893724922,3.23469175707621,1.0453960077155544,0.0017950037191376215,0.027103087670499293,0.0,0.0019275918663309991,0.0007723075570332626,0.0014662150785197908,0.0006523158197496895,0.0021326995400883005,0.00178069186635781,0.002787233068834926,10
auction_ra,22,32.82551526629048,130.29556010830936,9.210102065631819,0.02720521305307768,2.9850402021788867,107.72233333333334,28.72351294704983,23.995916666666666,7.709083333333334,0.0,0.004,0.1424650358431176,0.06350287058957442,0.1207317369744609,0.284169020380307,0.04724362401193072,0.3418877122006093,0.09289699490548682,0.5316456354080644,0.037868872085223756,0.002824798832244825,0.3171327460940175,2.483392081511817,1.238141963462734,0.0018092456563625868,0.028484891051329505,0.0,0.0013709567359459296,0.0006680906514307578,0.0011551803384700554,0.0005262676886509428,0.0019923278376125816,0.001973242064883906,0.0026811137503041623,10
auction_ra,24,32.88513434835349,130.59841652656002,9.188589103391433,0.025419351680595597,2.783513136531071,104.65975,28.570620494879485,25.99616666666667,9.690833333333334,0.0,0.004,0.13090228371935092,0.05690160103068733,0.11094131905217411,0.2618083115433083,0.04317712078887846,0.39626936386560085,0.08156570104959496,0.35077865032435773,0.024617639242672754,0.002091942917737584,0.2339680649325952,1.817555476808318,1.1907160696559789,0.0012630221178638952,0.033160210479609514,0.0,0.0014273981323696212,0.0005870906770332843,0.0009052762524860196,0.0004247852192815311,0.0012801665653786945,0.0017519118451887685,0.0018891246796895452,10
central,6,20.00517337214474,63.77459173112118,18.832532074175344,0.42413668579714703,78.62492990502221,275.02366666666666,7.390131157776571,,3.4850833333333333,0.011166666666666667,0.0,0.2554662417698367,0.22069810840242096,0.21667734163313918,0.23865121325556643,0.021783494138077387,0.04672360080095942,0.27116951670784134,1.425143366472872,0.41385595949659304,0.006712398127870358,2.1162486707357284,6.377521960398064,0.5115101402586597,,0.04187881607786496,0.005565306224384408,0.0,0.00601938054121838,0.00821652593141782,0.004934726051094409,0.006229159117291014,0.0012963689588560675,0.013105378633977177,10
central,8,23.870791358665834,78.70244240269062,15.2896092550774,0.3033317618116203,46.46018990081239,236.19266666666667,13.030455668111301,,3.6471666666666662,0.020083333333333335,0.0,0.23651720852647715,0.18174266357012167,0.20055766890874124,0.25760373389897884,0.03554886272855496,0.08802986236712611,0.16235427342121825,3.225475123307111,0.5878308818645949,0.003365674631788064,0.7080510578767654,4.166932550251166,1.021462013750113,,0.027945755258287863,0.005877592621431514,0.0,0.010130041267503795,0.009455927708194858,0.00834591006455579,0.003242775783682746,0.0026484336532487593,0.025700001773276276,10
central,10,27.144509185384077,100.57955804770984,11.941586700132026,0.19780890073192142,26.314564815601955,206.7065,17.992132377547307,,3.537583333333333,0.013416666666666665,0.0,0.24186386559744905,0.16785569750433466,0.20504064979695896,0.28637872855522495,0.05029203824152902,0.04856902030450337,0.14655371116508484,2.2892969046685447,0.2682037487767199,0.0035252778468003966,0.6065575665054205,3.016668358998027,0.7931042735350862,,0.034176372535503055,0.004491467119543508,0.0,0.005629845708585726,0.00300333773652473,0.004666955522523663,0.002669023353499099,0.0027654295339598956,0.015436225232846188,10
central,12,30.19178056369895,118.29124350360223,10.14490538515459,0.10543125437571892,12.576895612056823,194.87541666666667,23.214317398602823,,3.0273333333333334,0.11791666666666667,0.0,0.23716169161864356,0.15765795182221576,0.20098985682629866,0.3214079669562142,0.06355958543658109,0.019222947340046745,0.10141037193777697,0.5943167728627532,0.051160746201969524,0.00332830987942473,0.43427834143309046,3.7243133541019975,0.9373295211914986,,0.025221020311914026,0.007377745308115007,0.0,0.0014363381064716855,0.00203560140204297,0.0009326794759812627,0.002475812786690126,0.0024858070394533772,0.003293988957506652,10
central,14,31.846855048804446,125.31804031452918,9.575946118259484,0.056283780124661995,6.364352466175083,240.52275,27.375429569710292,,1.97125,0.5341666666666667,0.0,0.21543163487269998,0.1676964230176635,0.18248869077411783,0.33803057276945253,0.06807590618685386,0.028276772379212327,0.08179977528481064,0.5370156751283899,0.041083977129786335,0.002636486256055354,0.3104917024202491,3.4663919169570123,1.2977905218777546,,0.02124481175975127,0.019867050563318618,0.0,0.0011595464614146402,0.0020584609608928785,0.0007617059790910704,0.0012486965960256042,0.0033326252204260473,0.00459667091997161,10
central,16,32.41823181685718,127.98262236770657,9.376946386881375,0.03930833971808738,4.368302183074023,181.79524999999998,28.76126258450437,,2.2355,0.42625,0.0,0.19245418135978773,0.12250908659770365,0.16306966372831055,0.35598895391810476,0.06386936735831289,0.10210874703778042,0.13026391294361503,0.8173283545276309,0.05996035750490597,0.0037570692618638635,0.4326979802085863,3.46820102342977,1.78625498022621,,0.02598656060710131,0.01712197581080569,0.0,0.001180409526787302,0.0011985764226017848,0.0009104337257861959,0.003391573942064065,0.003644913053084792,0.0031627493716441554,10
central,18,32.80367434990255,130.0391245072648,9.228380424540969,0.0278645278050497,3.059601599189876,118.85791666666667,28.918170896723648,,4.129166666666666,0.011666666666666667,0.0,0.17379373967703873,0.08302384036469625,0.14728744711544167,0.34198437157575406,0.05802571669287797,0.19588488457419134,0.09717156174789231,0.6343279231558819,0.045277525064007326,0.0029834364633525424,0.33598056830662293,2.4658453420172646,1.4926201484842265,,0.04816664360627003,0.0036097509827802817,0.0,0.0009804505363996846,0.0012938518641347047,0.0007912620303161492,0.002170426927512778,0.0029316904777881535,0.004159627508653238,10
central,20,32.790096571196266,129.7878833444658,9.24616953105875,0.028261098843300598,3.104609008114249,110.54116666666667,28.948813493932484,,6.19775,0.0,0.0,0.15610755092492412,0.07079828823840809,0.13230022874226416,0.3110945523123103,0.05216996523098992,0.2775294145511034,0.11206426268574429,0.5684693174307209,0.04078182211940274,0.0028884967753957085,0.32592151022600474,3.3231161012585098,1.7557210643894783,,0.038008290075432556,0.0,0.0,0.0009489192773841944,0.0018352106745944015,0.000569209805664988,0.002102148082119124,0.0030489178452483006,0.0033233458647206654,10
central,22,32.819293673307286,130.3168421143344,9.208473436359341,0.02736945172995874,3.003671077127231,107.65625,29.227467877400283,,8.23225,0.0,0.0,0.1424921645464025,0.06329505762774126,0.12075556310763662,0.2846106897983495,0.048079695235825184,0.34076682968404487,0.11105512952191572,0.39301466848025973,0.027747379913302422,0.0024072401246686428,0.2731240538326932,3.777014350291221,1.2246544238550099,,0.03145910266257599,0.0,0.0,0.0005909836594606434,0.0016601257053022907,0.00039197206284707903,0.001988249163701446,0.0019327601657066016,0.002098619038020039,10
central,24,32.896671973733405,130.57167555243976,9.190591113909454,0.02509535167460324,2.7481511475945175,103.97291666666668,28.91837834575535,,10.303916666666666,0.0,0.0,0.13086165125697488,0.05654308993954985,0.1108968894943484,0.26219550612979325,0.04368433307576321,0.39581853010357043,0.11083978840810854,0.5007197004329353,0.03506787291111297,0.0030939080341443118,0.3467747835551163,2.801859761649012,1.414648236295359,,0.029253024261761004,0.0,0.0,0.0004920190014410295,0.0012731767118701926,0.0004253006665245735,0.0012993663111116353,0.002070433832271859,0.002244584210867568,10
fifo,6,20.97772274329629,82.94395506634876,14.467837493713215,0.37833166309221433,64.93720363303977,252.11550000000003,13.854493107519215,,3.994416666666667,0.0034166666666666664,0.0,0.3323383790119982,0.268605476376153,0.28183811075217857,0.05994256869593419,0.05319167680004398,0.004083788363692074,0.08747824211921747,0.2531743201756227,0.04416088926613994,0.0031543598923694455,0.8014990887475785,2.7705289439735994,0.5530693449610652,,0.007988300406528686,0.0011397726261658076,0.0,0.0012232001315816603,0.0024473913189512956,0.0007214819326161199,0.002412450112021299,0.001989084343536893,0.0008465794517339681,10
fifo,8,25.7843533133394,101.30634645804284,11.845490074857825,0.23596237984239524,32.95354735742963,250.68008333333333,18.860918817967537,,3.9454166666666666,0.00475,0.0,0.3045032912244436,0.24501411383925165,0.2581485910412184,0.11631304885229712,0.06633849201494114,0.009682463027848042,0.07700635977708568,0.3362217594084609,0.03943979027248507,0.0030780153632775377,0.515156529746098,2.026997323562736,0.7152638677583997,,0.008829758844015526,0.0019069973452831655,0.0,0.001228873938407241,0.0013474369332257725,0.0009049664640174988,0.001992916761718211,0.002433515175271192,0.0026069515439918587,10
fifo,10,28.486766376549603,112.77427914787256,10.641940523492424,0.15580393637984552,19.699089744412387,261.80375,22.961101414137666,,3.811416666666667,0.0041666666666666675,0.0,0.27136957742322476,0.22555449852182496,0.2299234139459681,0.19234448887604766,0.07189242864839714,0.008915592584537346,0.16915242464411967,0.9036767414788806,0.08631610275351918,0.005199287404074473,0.7714660749157213,2.5579886221236214,1.6621041062932416,,0.013701068249420422,0.0021029516353899946,0.0,0.0020866775270100774,0.0029667299137681774,0.0015779985703361968,0.003737866993308729,0.004949018439854574,0.002994629916203585,10
fifo,12,30.387635191280843,120.11466721266716,9.991081200549555,0.09948780693189571,11.78909009044833,239.16966666666667,24.9574237468267,,3.136833333333333,0.09833333333333334,0.0,0.24086517319881068,0.1869299985198715,0.20404755348856085,0.2869484716892158,0.06938053106264715,0.011828272040894056,0.10147448417547997,0.7176468564736148,0.059737729897887795,0.0025466372021466202,0.3353759027277634,2.4075451374915176,1.0210843191541554,,0.019013570467534303,0.004469876580150834,0.0,0.0013520579612374694,0.0016648314200141746,0.001109635611411637,0.0030226232090728522,0.0027613231994910725,0.003901368506834421,10
fifo,14,31.75040643898066,125.26460490081789,9.580581931509876,0.05911435610180151,6.70595269241911,256.23325,27.034145739011404,,1.8283333333333331,0.5240833333333333,0.0,0.215372177590799,0.17613230091861606,0.18240964612047292,0.33261059516724534,0.06716133771993099,0.02631394248293567,0.1210599479903517,0.8975627196077219,0.0682989295635839,0.003558354685564183,0.4261685415526285,2.366309499751631,1.400539000023704,,0.02258488655776527,0.011716998474380397,0.0,0.0015213174995320174,0.0019205247418171577,0.0011781763681638314,0.00203807469032386,0.0031881630672276596,0.0038302036029433657,10
fifo,16,32.23227324000959,127.60298256029073,9.404594506467161,0.04481068338322301,5.008538732364872,230.73916666666665,27.282927638260656,,2.0774166666666667,0.4109166666666667,0.0,0.19195628215863786,0.14526800863908607,0.16257950877620636,0.33788877991975613,0.06043085190435695,0.10187656860195668,0.15248396725247176,0.6463060227196045,0.047780638512031404,0.0035833487759982935,0.4220541050105911,2.3588385517728145,1.7923347066815538,,0.02863558825627657,0.017476224902617275,0.0,0.0010786310575747664,0.0013139127509697393,0.0007851222919049146,0.002808439080731912,0.0038968674960343404,0.004645590268974141,10
fifo,18,32.089742050712196,126.92145264203907,9.454942356747598,0.04903844440076345,5.503038971333777,249.29233333333332,27.682418160297708,,4.0075,0.008833333333333334,0.0,0.16972003889858855,0.13614779182585443,0.14375948515211495,0.29502517144050877,0.05420138604407796,0.2011461266388553,0.09515040007403414,0.5164486630943601,0.03855506976361491,0.0023773687069834574,0.27977619973584533,3.2069136378464926,1.856293561386788,,0.040575835425845974,0.003875614102182835,0.0,0.000903102391300872,0.0014518110199871661,0.0006926161427148155,0.0010282076265717027,0.0034833033117530865,0.0023547394751616607,10
fifo,20,32.26001678980566,127.7449227299937,9.394206351573615,0.043981170939323064,4.910983934520084,232.54074999999997,27.1704067168887,,6.028083333333333,0.0,0.0,0.15372030045880117,0.11708689343268378,0.1302058389341632,0.27057053432859923,0.04818458698872563,0.2802318458570271,0.12836078394261333,0.6940895570342367,0.050926612770134314,0.00358039901592091,0.4162975762634914,4.058641839194268,1.885752991024623,,0.028062573439901192,0.0,0.0,0.0009304351737157513,0.0015606428481439417,0.0005714951382295181,0.002072188594179945,0.003195026778317851,0.0025000348806620736,10
fifo,22,32.14533379499721,127.14859185375084,9.438751874740957,0.047383654743234124,5.3097234116766865,245.55158333333333,26.696502495827737,,8.071583333333333,0.0,0.0,0.13911430424662652,0.11019154141628054,0.11782447486420458,0.24283559854618048,0.04283307292353045,0.34720100800317744,0.1324140189768279,0.9746777667281448,0.07234522404820329,0.003552549242081231,0.4172139288209425,2.814714609557091,1.764074128527804,,0.04352929374537675,0.0,0.0,0.0010854952591236589,0.0009211428673971131,0.0009152413330533007,0.0020422130688926947,0.0026299640812009434,0.0034937341529238434,10
fifo,24,32.18668732519776,127.47661296528163,9.414243579992737,0.046140485034016104,5.164243807081569,235.56216666666668,26.628738278249592,,10.098333333333333,0.0,0.0,0.12783542369555456,0.09822627314828362,0.10827446288674045,0.22549901680257123,0.03925135863680007,0.4009134648300501,0.1334321006394469,0.8564060893982821,0.06366386532446687,0.004120022344449733,0.48082772693067694,2.8541531743436805,2.128857678662115,,0.038659231390732005,0.0,0.0,0.000887427450615161,0.0009261613243746434,0.0008022164764357906,0.0014316295703918616,0.0029463621202630726,0.001921861576567365,10
nearest,6,21.93173566209405,84.23961181210579,14.247721722581787,0.35097640965822524,57.72976039283351,113.61891666666665,18.969463024081545,,3.7850833333333336,0.010833333333333334,0.0,0.33747174324350576,0.1583139672829445,0.28623698504761297,0.13463998404779162,0.07400701739968718,0.009330302978458004,0.2551442482481817,0.8607046772418266,0.14703901141009548,0.006923676456558831,1.7469035619670086,2.2987276875641056,0.8735428595335691,,0.03275700980289165,0.004052909803030864,0.0,0.003432165006520338,0.0016393230724033262,0.0030528357774160975,0.004920145293756588,0.0037720643457396412,0.0065364182189942095,10
nearest,8,26.643209075047253,102.61626883486883,11.696592010479394,0.21103360828392864,28.55321806587694,118.95325,24.06271754501172,,3.6123333333333334,0.0195,0.0,0.3084079394796132,0.14886986226434848,0.26152326915331564,0.17782144319532403,0.08574107152241858,0.0176364143849801,0.22241536231859266,1.1339901994693136,0.13070454582821958,0.005968474708753191,1.0381150202985634,3.090048155551164,0.6851037886283278,,0.018938661169884005,0.005572396692573154,0.0,0.0032404000011338214,0.0018270524136776514,0.003045450621292374,0.006291190234625748,0.0026583715158308456,0.004175000176901577,10
nearest,10,29.43860844882379,114.53177036253369,10.47989508746171,0.12791945595640503,15.655820029444147,127.80516666666668,26.299102999793313,,3.3832500000000003,0.005916666666666667,0.0,0.2754627009339532,0.13935801295565525,0.23351298457596803,0.24749052486923792,0.08366226629957982,0.020513510365605808,0.15170280017003096,1.3051684258897287,0.12241529869138057,0.004575940518228974,0.6425890863956311,2.120820986184616,0.7539254294221364,,0.018106527852233854,0.0009915621646893198,0.0,0.0034647576321929527,0.0017742975858852518,0.002569933858058744,0.0034712275073515058,0.0024694772055338515,0.005077524019300153,10
nearest,12,30.955280658470326,121.8028162902355,9.852850914707352,0.08271201864276159,9.624078291165713,143.13975,28.525007428152065,,2.903583333333333,0.09225,0.0,0.24414801748492637,0.13261152523278197,0.20692922845210546,0.32038676335526506,0.08039749067823065,0.015526974796690487,0.14891809369121398,0.8610819495037514,0.06932991617207693,0.003441309890907021,0.444985079075679,2.353095673639646,1.481607897287515,,0.024774395370369882,0.006488125547655471,0.0,0.0016711019538486447,0.0012340073546137796,0.0015255940325269036,0.002733989503697599,0.0038832086004657713,0.0034457982023286694,10
nearest,14,31.802815485501117,125.21815244612006,9.583994303953009,0.05757302827128228,6.519962988204343,227.62675,28.736225110550077,,1.8552499999999998,0.5099166666666667,0.0,0.21524435100701234,0.16109178283533776,0.18235464961802356,0.3418458962307272,0.07136469969421344,0.028098620614685727,0.1090237379498643,0.8182391689437105,0.06258665735391557,0.0032304270677769005,0.38525546146810175,4.867056980569414,1.4942413996736656,,0.03526538777777706,0.02019124973602715,0.0,0.0013958118379906602,0.0027245793496039838,0.0011594486620142336,0.0025509268330542473,0.003394472920337802,0.0031247402161981787,10
nearest,16,32.4145202839211,127.95685827422422,9.37876144395403,0.0394209188346671,4.380358842418068,181.61216666666667,28.820427253870253,,2.0595833333333333,0.42925,0.0,0.1924166627526475,0.12262851796014296,0.1630423501273323,0.35597509573298985,0.06400021876694507,0.10193715465994233,0.111693666226957,0.7710721952220161,0.0566703288108993,0.0030055392363881406,0.3462372119754024,4.665028629882289,1.6590873621968059,,0.030944297094152938,0.017108594939447556,0.0,0.0010645347302518076,0.0019130642408573487,0.0008626746236864994,0.0036894051275842316,0.003465471649608428,0.00418091638387039,10
nearest,18,32.738963344370504,129.97101903121728,9.233341748161216,0.02975798311359919,3.274488684851306,120.26733333333334,28.756656473741977,,3.9335,0.011166666666666667,0.0,0.17370390686455597,0.08361722808756164,0.14720976047926693,0.34217998829101265,0.05766699208840801,0.1956221241891948,0.12239286771576342,0.7275933713110416,0.05223260819139002,0.0032719664636122183,0.37094008824789176,2.8862270091391458,1.4788435112876959,,0.04209825699712198,0.004226506794654452,0.0,0.001111552288950755,0.0011044906944761269,0.0008363289372241365,0.0024872911975053385,0.002859854808585463,0.003358606671012394,10
nearest,20,32.76419342683886,129.85024039663818,9.241814145305984,0.02901950954905802,3.190183700509286,111.69383333333333,29.144330399418628,,5.966333333333333,0.0,0.0,0.15618232533860005,0.07127070778120377,0.13236393978016567,0.3108957149944632,0.05255072075947344,0.2767365913460938,0.10414984656510526,0.6384359174160368,0.04612385077492201,0.0028276890730096534,0.3184108191002716,3.47698937718346,1.5592750682006042,,0.03813394177243009,0.0,0.0,0.000933081446206681,0.0018768818480528293,0.0006308746811621607,0.002049156738202914,0.0027149395041787525,0.00360239402287917,10
nearest,22,32.78121700955727,130.039187745217,9.229025425357166,0.02851865179067826,3.1340196325122083,108.67783333333334,29.373859572382695,,7.978916666666666,0.0,0.0,0.1421878242463891,0.06357152465288723,0.12049235482937604,0.2842541056524997,0.04820282812993708,0.34129136248891084,0.12240729270440832,1.0276367945413167,0.07468287905403467,0.0029735398105736246,0.3375165233772259,3.521699853655762,1.3416069274439173,,0.027056792405115503,0.0,0.0,0.0012089326814604129,0.0014673793438869627,0.0008954804347686003,0.0026485711996618597,0.0019542993646929087,0.0033867262015176633,10
nearest,24,32.8496933011338,130.4316278087581,9.200661505132292,0.02647691558918703,2.904036689321663,104.49291666666667,29.326693316387395,,10.010083333333332,0.0,0.0,0.13072246716815836,0.0566791417700099,0.11077753617970627,0.2620916412822176,0.04424348432019509,0.39548572927971276,0.12139938680173949,0.6786388784143977,0.047975289968903156,0.0035867253832965575,0.40310327572139876,2.527390468816997,1.7277377958614362,,0.0277077202796588,0.0,0.0,0.0006916929701619669,0.0011213969185887179,0.0005306592902310679,0.0015795903325372526,0.002448146954851503,0.0017837160869409133,10
