factor,level,policy,qc_productivity,berth_productivity,makespan_h,qc_wait_share,qc_wait_per_move_s,empty_m_per_move,asc_wait_per_move_s,messages_per_job,options_per_decision,single_choice_share,busy_assigned_share,agv_loaded_travel,agv_empty_travel,agv_handling,agv_wait_qc,agv_wait_asc,agv_idle,qc_productivity_ci,berth_productivity_ci,makespan_h_ci,qc_wait_share_ci,qc_wait_per_move_s_ci,empty_m_per_move_ci,asc_wait_per_move_s_ci,messages_per_job_ci,options_per_decision_ci,single_choice_share_ci,busy_assigned_share_ci,agv_loaded_travel_ci,agv_empty_travel_ci,agv_handling_ci,agv_wait_qc_ci,agv_wait_asc_ci,agv_idle_ci,n_reps
asc_time_scale,0.8,auction,32.16526157419058,127.12361469806629,9.440781117570568,0.04680515637146269,5.2427006523257065,114.41733333333335,17.50427049840108,10.2975,8.2975,0.0,0.7454166666666666,0.25485159592792683,0.11762576283951813,0.17867461407947322,0.2487594637500365,0.051480320590935214,0.1486082428121101,0.14407130045933564,1.0563460491826477,0.07870809706227412,0.004292063532552941,0.5026003150656609,2.505164168405279,0.8240981549230011,0.05592555208028895,0.05592555208028895,0.0,0.009711423561288353,0.0020812560847082123,0.0022523141760073177,0.0013125429252577139,0.004233232597069973,0.0020763583093140084,0.0025716763343396182,10
asc_time_scale,0.8,auction_ra,32.330742683513996,128.0308267072857,9.37347906563478,0.04189013917134802,4.668443627614051,151.10658333333333,17.462943625938134,25.86558333333333,2.4061666666666666,0.3084166666666667,0.38975,0.256716656907107,0.14460925136269234,0.17994486511796184,0.35075459344349,0.05172808362495995,0.01624654954378878,0.14737562495979736,0.8566275292941677,0.06257780671817806,0.004230276586953542,0.49207916827127757,1.5537672488431655,1.216372845193001,0.9042085513773008,0.019144781451183267,0.015738178093791928,0.022532463326424973,0.001805704305071354,0.001773568802371176,0.0011131258823535346,0.0027631466286862118,0.003409858068360495,0.0034370446295911464,10
asc_time_scale,0.8,central,31.824523144844875,125.61106747834849,9.553596126539073,0.056907279949188795,6.442712914602962,188.88566666666668,15.974773039178979,,3.0929166666666665,0.06741666666666667,0.0,0.2518875518588221,0.16397117840023753,0.1765508616133201,0.3470210566976701,0.046440213395186836,0.014129138034763355,0.1656422733281587,0.5297922229164173,0.04014852793906372,0.004590976175297943,0.5517172278815003,4.3393247532968156,0.8709507279994805,,0.024115681138128144,0.00831478348410456,0.0,0.0013667120055720421,0.0026357037977909983,0.0007843960205090363,0.0025401227994391977,0.002442257548230963,0.0030571781232912017,10
asc_time_scale,0.8,fifo,31.846553099799202,126.13018096676542,9.514543696543308,0.05622755287211084,6.359992082779916,228.32333333333332,15.215422199259422,,3.06925,0.06333333333333332,0.0,0.2529659954996305,0.1899633649652009,0.17727055636986644,0.32470895574660247,0.04439510814679457,0.010696019271905156,0.1530203722386711,0.7325744734733273,0.055201223319518204,0.0036617711878797225,0.44187556093146474,2.6653635155922677,1.2126293442303067,,0.014956032399352557,0.006264890224856807,0.0,0.0016076538013885717,0.0014204762028331521,0.0010519706164974644,0.002867799375452391,0.0033433371181570367,0.001941316675053983,10
asc_time_scale,0.8,nearest,32.11121153966336,126.92917605644399,9.455208023825644,0.048429481724325686,5.433907303280067,137.4728333333333,18.024284825453854,,2.867166666666667,0.0685,0.0,0.25446949220844783,0.13472760064762052,0.17839053607166458,0.3667913106056835,0.05292938226010219,0.012691678206481418,0.15901164693235642,1.0455204216373666,0.07710191579401389,0.00398159179358719,0.4688915068809321,2.959970089293821,0.9399580124190057,,0.026219514631924783,0.007957347003462746,0.0,0.0020965467924430907,0.0019996137603806178,0.0013893590662548334,0.002258793385615043,0.002565767494402201,0.0034047066219307256,10
asc_time_scale,1.0,auction,31.01431029536467,122.86738305365775,9.767990525027951,0.08088434089797723,9.397632906449564,118.28266666666666,27.191607284782314,10.45975,8.45975,0.0,0.7060833333333333,0.2462836221460146,0.11674209422160935,0.20875017903680715,0.2364295044440597,0.0772840189451311,0.11451058120637816,0.19382508198826953,1.0869202277423484,0.08759337959931245,0.006168107699555065,0.7773138332683912,1.8230241599135688,1.5747501431469144,0.04162782954336936,0.04162782954336936,0.0,0.00423444039800471,0.0021274057398002256,0.0009561200664728359,0.0020319594448766428,0.003937496421436096,0.003971931372473358,0.0048771077393212426,10
asc_time_scale,1.0,auction_ra,30.95209952012553,122.26425954985515,9.816204795349059,0.0827638920656822,9.635050434741192,151.1705,28.871403612247427,31.143416666666667,2.4614166666666666,0.22999999999999998,0.21666666666666665,0.24507873141018596,0.13807104671698828,0.20770765432284266,0.31288828470400387,0.08164089292751525,0.014613389918463966,0.20166391323518645,1.1010401354656256,0.08832129163032947,0.005619817456971849,0.716730403935735,3.0767138965368432,1.8357073794511605,0.6613146108425613,0.045762975271117445,0.02050666691142517,0.03890257532566106,0.0022630302900543413,0.0016181318659226078,0.0018776820879323418,0.0032030947301828275,0.0045731396414340365,0.003905938044515116,10
asc_time_scale,1.0,central,30.19178056369895,118.29124350360223,10.14490538515459,0.10543125437571892,12.576895612056823,194.87541666666667,23.214317398602823,,3.0273333333333334,0.11791666666666667,0.0,0.23716169161864356,0.15765795182221576,0.20098985682629866,0.3214079669562142,0.06355958543658109,0.019222947340046745,0.10141037193777697,0.5943167728627532,0.051160746201969524,0.00332830987942473,0.43427834143309046,3.7243133541019975,0.9373295211914986,,0.025221020311914026,0.007377745308115007,0.0,0.0014363381064716855,0.00203560140204297,0.0009326794759812627,0.002475812786690126,0.0024858070394533772,0.003293988957506652,10
asc_time_scale,1.0,fifo,30.387635191280843,120.11466721266716,9.991081200549555,0.09948780693189571,11.78909009044833,239.16966666666667,24.9574237468267,,3.136833333333333,0.09833333333333334,0.0,0.24086517319881068,0.1869299985198715,0.20404755348856085,0.2869484716892158,0.06938053106264715,0.011828272040894056,0.10147448417547997,0.7176468564736148,0.059737729897887795,0.0025466372021466202,0.3353759027277634,2.4075451374915176,1.0210843191541554,,0.019013570467534303,0.004469876580150834,0.0,0.0013520579612374694,0.0016648314200141746,0.001109635611411637,0.0030226232090728522,0.0027613231994910725,0.003901368506834421,10
asc_time_scale,1.0,nearest,30.955280658470326,121.8028162902355,9.852850914707352,0.08271201864276159,9.624078291165713,143.13975,28.525007428152065,,2.903583333333333,0.09225,0.0,0.24414801748492637,0.13261152523278197,0.20692922845210546,0.32038676335526506,0.08039749067823065,0.015526974796690487,0.14891809369121398,0.8610819495037514,0.06932991617207693,0.003441309890907021,0.444985079075679,2.353095673639646,1.481607897287515,,0.024774395370369882,0.006488125547655471,0.0,0.0016711019538486447,0.0012340073546137796,0.0015255940325269036,0.002733989503697599,0.0038832086004657713,0.0034457982023286694,10
asc_time_scale,1.25,auction,28.298003375668838,111.59255538206953,10.757050526642091,0.16149209846332893,20.57383583346237,135.2065,43.55873968819146,10.67125,8.67125,0.0,0.6950833333333333,0.2236826937346769,0.11623441421606957,0.23054612095982802,0.2328865793877964,0.1124494675552212,0.08420072414640793,0.31760471591086575,1.5459837497905926,0.1496626515101853,0.008348544003237085,1.309847668135383,2.7115096027170322,1.913128438015134,0.03510063467763882,0.03510063467763882,0.0,0.005488505210229531,0.0032060612806235752,0.0017364842271315485,0.0034127886746593856,0.0048419680848398785,0.004285447520925591,0.0057480248952995715,10
asc_time_scale,1.25,auction_ra,28.843316064849272,113.66604010908945,10.558832821040209,0.14530836030068695,18.15293701537979,158.28583333333333,47.99771339159326,33.185500000000005,2.62175,0.17883333333333334,0.06716666666666667,0.22780923761304162,0.13213802248738807,0.23479082321427275,0.2643062072257411,0.12622252231812972,0.014733187141426735,0.21777035343005838,1.0496849017636072,0.09789805464605399,0.007207851386749418,1.0311281086078496,2.443675868206433,2.3557159730687416,0.061258989905076014,0.04816209364543627,0.014575637387092074,0.01700848324237681,0.001792410482109685,0.0021324563218554212,0.002140628431404065,0.003662028699430766,0.005532593084162487,0.006255513014453565,10
asc_time_scale,1.25,central,27.570679689113696,106.38556480607174,11.280486300760371,0.18350125697260466,23.988695921501403,221.6099166666667,35.92827851078265,,2.8605,0.2015,0.0,0.21324090734672002,0.15544934397784527,0.2197744676339985,0.29448697150898745,0.08844881925244026,0.028599490280008476,0.18906073393889639,0.6631554245842899,0.06937367313323545,0.005540746805133278,0.8839845557200989,3.239238663042041,2.2874158111389127,,0.0424461098253771,0.01609381304363422,0.0,0.0014810289938973864,0.002140848282806016,0.0014996251729994545,0.0037602097332747205,0.005405687447644677,0.006195668167751386,10
asc_time_scale,1.25,fifo,28.366952950000677,111.45907131102649,10.76836586608768,0.15945468888499753,20.253735534048566,251.03433333333334,42.14736750893142,,3.162916666666667,0.14783333333333332,0.0,0.22345669976969912,0.17986723559501075,0.23023499484150522,0.24243204711178423,0.10866659093524607,0.015342431746754573,0.22198162862036586,1.1741290761226801,0.11238829879050458,0.006678955049195309,1.0007097908998182,3.8179299866143435,2.6425354216053063,,0.032813374693070364,0.010686843506100744,0.0,0.002021936326649881,0.0028384025064154012,0.0021353833513486054,0.004407619421955399,0.00619132099053005,0.004712790907482436,10
asc_time_scale,1.25,nearest,28.907122767572524,113.66797601495489,10.55796982944359,0.14344866675015133,17.886286288631077,154.4465,47.41721972407258,,2.8780833333333335,0.12408333333333332,0.0,0.22783241169813553,0.13021882554342412,0.2348324729990084,0.2669213972622264,0.1247021892836806,0.015492703213524911,0.2655031905796341,0.7917685262601186,0.07401820011377501,0.007798762647802375,1.1432628057010896,3.0336117187745497,2.2258197262709336,,0.03733643481726436,0.011086714351468916,0.0,0.0016578875418258678,0.0015588420016112033,0.0018863098056769387,0.0028765127607566694,0.005098641919378404,0.004027215657723284,10
congestion_capacity,12.0,auction,31.00459042377389,122.69526147352829,9.781505123544722,0.08118001749854192,9.433436370259248,119.27175,26.269836489283495,10.45025,8.45025,0.0,0.7081666666666667,0.24735473267999036,0.11754759119778997,0.20845945618549586,0.23500281018844146,0.07458536893482033,0.117050040813462,0.1970683378949326,1.0178487110731247,0.08062887243242223,0.004985386849579757,0.6360978153377415,1.6604104362871832,1.078094944804526,0.027580023721385533,0.027580023721385533,0.0,0.007046793380680854,0.0024886468819850524,0.0015420805535789083,0.0017686195835501814,0.0038743972509426385,0.002763238287901444,0.0036035813899082596,10
congestion_capacity,12.0,auction_ra,30.9023202575681,122.14497631330951,9.825553074956904,0.08425085393396406,9.819710108103452,154.26341666666667,27.75458254888221,30.846416666666663,2.4145,0.24116666666666667,0.23558333333333334,0.24645067027253606,0.14068566659313997,0.2075293847992989,0.31288649582380257,0.07846469116238183,0.013983091348840649,0.15522471973976526,0.9988271870494567,0.08081163597135158,0.00339476088190263,0.4424139565017883,2.449926913130282,1.1472238993111523,0.715452448862859,0.05818390899896618,0.024398835506867885,0.04104225439334226,0.0018552220819882323,0.0014548653721396492,0.0017044139796644272,0.0026531282348159256,0.0031828561148592597,0.004272429063566007,10
congestion_capacity,12.0,central,30.120144369763096,117.58188067737551,10.20592337811134,0.1076643509696638,12.878507780151097,195.60016666666667,23.39760762562109,,3.02525,0.11574999999999999,0.0,0.23737311196195604,0.15816247386025523,0.19978483368630634,0.3188359026276852,0.06368912762106133,0.02215455024273593,0.16732500820121718,0.4553197391151513,0.03954283880206127,0.0044189017373547175,0.5990886757276697,3.1652718943891394,1.040077256772377,,0.039676471520045775,0.010051871556670665,0.0,0.0014629095656699014,0.0019457195729673097,0.0007409147928420794,0.002825020090063496,0.002924745785317343,0.00467074102847629,10
congestion_capacity,12.0,fifo,30.374341183981375,120.2940682083982,9.976007902682861,0.09985085293171962,11.839373989286326,238.75366666666667,24.899294615711533,,3.1474166666666665,0.10024999999999999,0.0,0.2433609163917397,0.1887906510138701,0.20437185295045115,0.2838072391739869,0.06931661794084415,0.010352722529107981,0.13747116659277336,0.6110203835494307,0.05078654357596582,0.004279420061788632,0.5575504291692361,4.023053552350478,1.0349352093521722,,0.022991128193724467,0.005895033587427639,0.0,0.0012631330159320496,0.0022187612650761313,0.001029967164090014,0.0038172091306481197,0.002644823835501271,0.002250884833282574,10
congestion_capacity,12.0,nearest,30.901057845162832,121.7376397961709,9.858633125132732,0.08430516391338697,9.829520504380994,143.53083333333333,28.001494488730817,,2.89925,0.09116666666666666,0.0,0.24552153311983846,0.13375807656149988,0.2068084554801104,0.31986569781781754,0.07887288349085762,0.015173353529876097,0.18344552860592683,1.0789681777519529,0.08786605799507956,0.005157473036872096,0.659349386274587,3.087509540891784,1.2736250313441524,,0.020418771625769647,0.006440174425087163,0.0,0.0024710679726820933,0.0015011517761642972,0.0018294827931287952,0.0025129739597151094,0.0031708875390057656,0.0032908233362347315,10
congestion_capacity,20.0,auction,31.01431029536467,122.86738305365775,9.767990525027951,0.08088434089797723,9.397632906449564,118.28266666666666,27.191607284782314,10.45975,8.45975,0.0,0.7060833333333333,0.2462836221460146,0.11674209422160935,0.20875017903680715,0.2364295044440597,0.0772840189451311,0.11451058120637816,0.19382508198826953,1.0869202277423484,0.08759337959931245,0.006168107699555065,0.7773138332683912,1.8230241599135688,1.5747501431469144,0.04162782954336936,0.04162782954336936,0.0,0.00423444039800471,0.0021274057398002256,0.0009561200664728359,0.0020319594448766428,0.003937496421436096,0.003971931372473358,0.0048771077393212426,10
congestion_capacity,20.0,auction_ra,30.95209952012553,122.26425954985515,9.816204795349059,0.0827638920656822,9.635050434741192,151.1705,28.871403612247427,31.143416666666667,2.4614166666666666,0.22999999999999998,0.21666666666666665,0.24507873141018596,0.13807104671698828,0.20770765432284266,0.31288828470400387,0.08164089292751525,0.014613389918463966,0.20166391323518645,1.1010401354656256,0.08832129163032947,0.005619817456971849,0.716730403935735,3.0767138965368432,1.8357073794511605,0.6613146108425613,0.045762975271117445,0.02050666691142517,0.03890257532566106,0.0022630302900543413,0.0016181318659226078,0.0018776820879323418,0.0032030947301828275,0.0045731396414340365,0.003905938044515116,10
congestion_capacity,20.0,central,30.19178056369895,118.29124350360223,10.14490538515459,0.10543125437571892,12.576895612056823,194.87541666666667,23.214317398602823,,3.0273333333333334,0.11791666666666667,0.0,0.23716169161864356,0.15765795182221576,0.20098985682629866,0.3214079669562142,0.06355958543658109,0.019222947340046745,0.10141037193777697,0.5943167728627532,0.051160746201969524,0.00332830987942473,0.43427834143309046,3.7243133541019975,0.9373295211914986,,0.025221020311914026,0.007377745308115007,0.0,0.0014363381064716855,0.00203560140204297,0.0009326794759812627,0.002475812786690126,0.0024858070394533772,0.003293988957506652,10
congestion_capacity,20.0,fifo,30.387635191280843,120.11466721266716,9.991081200549555,0.09948780693189571,11.78909009044833,239.16966666666667,24.9574237468267,,3.136833333333333,0.09833333333333334,0.0,0.24086517319881068,0.1869299985198715,0.20404755348856085,0.2869484716892158,0.06938053106264715,0.011828272040894056,0.10147448417547997,0.7176468564736148,0.059737729897887795,0.0025466372021466202,0.3353759027277634,2.4075451374915176,1.0210843191541554,,0.019013570467534303,0.004469876580150834,0.0,0.0013520579612374694,0.0016648314200141746,0.001109635611411637,0.0030226232090728522,0.0027613231994910725,0.003901368506834421,10
congestion_capacity,20.0,nearest,30.955280658470326,121.8028162902355,9.852850914707352,0.08271201864276159,9.624078291165713,143.13975,28.525007428152065,,2.903583333333333,0.09225,0.0,0.24414801748492637,0.13261152523278197,0.20692922845210546,0.32038676335526506,0.08039749067823065,0.015526974796690487,0.14891809369121398,0.8610819495037514,0.06932991617207693,0.003441309890907021,0.444985079075679,2.353095673639646,1.481607897287515,,0.024774395370369882,0.006488125547655471,0.0,0.0016711019538486447,0.0012340073546137796,0.0015255940325269036,0.002733989503697599,0.0038832086004657713,0.0034457982023286694,10
congestion_capacity,1000000000.0,auction,30.992174478117683,122.43140300409796,9.802340193947593,0.08156032045439608,9.48374882445708,118.78641666666667,27.447063557344638,10.477083333333333,8.477083333333333,0.0,0.7034166666666667,0.24522020962357588,0.11638691211846393,0.20802078989472134,0.2367541452796878,0.07774455440731667,0.11587338867623447,0.21078341795595165,0.8983116218239448,0.07232909067884216,0.006189784122614487,0.7805257124878286,1.513979446402786,1.6349299954142222,0.027327175371956145,0.027327175371956145,0.0,0.004935460250275016,0.0019585874012973932,0.000945821245090619,0.001607844618878435,0.0026075277960014077,0.00427013360262652,0.003765374002476662,10
congestion_capacity,1000000000.0,auction_ra,31.009447832946545,122.13127343686403,9.826158962438665,0.08111591007406185,9.420521621843967,153.18333333333334,28.150914931523214,30.512416666666667,2.4396666666666667,0.24383333333333335,0.24516666666666667,0.24458623245896022,0.13899889442024188,0.20748811635963893,0.3128869186269455,0.07958823120334399,0.01645160693086946,0.1152914824426114,0.7586112826701323,0.06094357525494099,0.002715421094656192,0.3455350998444714,2.826911850883914,0.9461212165824543,0.5858514368271103,0.03373770043528949,0.0175523139763556,0.03973688352929648,0.0015392404642050664,0.00195115112122961,0.0014689091106956003,0.0028820591550738025,0.0027420876156410865,0.003462587868068155,10
congestion_capacity,1000000000.0,central,30.177531871069668,118.25909804999053,10.148179728386781,0.10582991464566045,12.63389571829486,195.17441666666667,23.965066217926186,,3.040166666666667,0.11441666666666665,0.0,0.23686593529161243,0.15742918063774136,0.20092925751133808,0.31965842248799736,0.06557585093167306,0.0195413531396377,0.1735252821020369,0.8673238442775398,0.07512230255905557,0.0047186829154422,0.640080163942067,4.093353735147596,1.1694624579587625,,0.024219511088681853,0.008178803884789747,0.0,0.0020653211110690005,0.002042018635614861,0.0013881127532399738,0.003483097129827328,0.002868738945625648,0.003940778703306035,10
congestion_capacity,1000000000.0,fifo,30.361386167861774,120.0670113266622,9.995086507725832,0.1002490724277747,11.889683153833435,237.8588333333333,25.5412535535609,,3.1397500000000003,0.09883333333333333,0.0,0.24048183293846112,0.18593226780488908,0.2039849617340685,0.28668942022886257,0.07097895294143289,0.011932564352285851,0.10980939464041942,0.7403159786136095,0.061573156640257636,0.0027554473292602886,0.36431805010143675,3.184209475403995,0.6924791019654813,,0.022964664467079766,0.0055653062243844085,0.0,0.0015474317295916893,0.0019408968196213071,0.00121902198556012,0.002916244887633249,0.00179954329531705,0.003449050541659179,10
congestion_capacity,1000000000.0,nearest,30.899651568450757,121.76904575777785,9.856083780842388,0.08434342503593828,9.833724611862369,143.79083333333332,28.923655962497357,,2.8975,0.09241666666666667,0.0,0.24386172770977424,0.13281795111040767,0.2068735055803479,0.32044636891279715,0.08148375664460014,0.014516690042072877,0.18431645555612475,1.0785954376573412,0.08746928673588647,0.0045617994382009894,0.5908736611231572,2.3417006044600046,1.3916028923503057,,0.023304231367427458,0.007485075196791703,0.0,0.0022587021753009175,0.001377201962949844,0.0018951004113835854,0.002900379483723199,0.0034315118680526397,0.0031793581155090266,10
lookahead,1.0,auction,19.902479604022385,77.78806250671077,15.427430671636492,0.4103557053787613,74.25629218289176,166.85391666666666,13.616630504454367,13.751249999999999,11.75125,0.0,0.24783333333333335,0.1558500444940743,0.0921063468863402,0.13217702226827718,0.02638178243590723,0.02451606707036701,0.568968736845034,0.08270149612376194,0.44793322929450125,0.08878303434898566,0.001959943092986588,0.6482119199975013,2.2069051840470193,0.6624361689279917,0.011114459637393416,0.011114459637393416,0.0,0.010771488721302193,0.0009038081077060437,0.0009483914304308894,0.0007233416239788884,0.00032058555990618237,0.0011641947702208627,0.001960279062663442,10
lookahead,1.0,auction_ra,20.140905173449205,79.10959377449375,15.170784282813088,0.4032167543968792,72.09437014263553,172.00191666666666,13.39192892626237,14.0,6.516249999999999,0.0,0.00025,0.15848758185849496,0.09627448118751018,0.1344147194710944,0.035579999116660925,0.024515108539045417,0.5507281098271941,0.1008719728196263,0.6759581270785202,0.13004279331270893,0.0026600383559215518,0.8254822994216147,2.7569900037171564,0.5914927495313554,0.0,0.02910443874496964,0.0,0.0002879585120113699,0.0016114736739178007,0.000829430038421828,0.001097081942692591,0.00046775818715993515,0.0009802680335766383,0.002666024859896019,10
lookahead,1.0,central,20.140905173449205,79.10959377449375,15.170784282813088,0.4032167543968792,72.09437014263553,172.00191666666666,13.391928166116902,,6.641,0.0,0.0,0.15848758280175562,0.09627652455166517,0.1344147194710944,0.03557794819593719,0.024515107101344878,0.5507281178782027,0.1008719728196263,0.6759581270785202,0.13004279331270893,0.0026600383559215518,0.8254822994216147,2.7569900037171564,0.5914950474803469,,0.029148565623432047,0.0,0.0,0.0016114741788119506,0.0008302356734118379,0.001097081942692591,0.0004667812174696788,0.0009802721601954504,0.002666018782885598,10
lookahead,1.0,fifo,18.666935072245913,72.95509224180472,16.449427204343387,0.4469903273284926,86.24066922627635,275.33025,11.936714584094386,,6.706583333333333,0.0,0.0,0.1461617144758775,0.12612414881576473,0.12395938793846331,0.02077873987174724,0.020164175728092423,0.5628118331700548,0.04848616610493129,0.4178864325845832,0.09453872062895538,0.0012165225992533063,0.42700920342174964,2.6239278900639325,0.6172073862390542,,0.030073534518894645,0.0,0.0,0.0010349858687169749,0.0006130232323821952,0.0006990174284439478,0.0004140223723268921,0.0011107271479066977,0.002754417567885954,10
lookahead,1.0,nearest,20.140905173449205,79.10959377449375,15.170784282813088,0.4032167543968792,72.09437014263553,172.00191666666666,13.391928166116902,,6.572666666666666,0.0,0.0,0.15848758280175562,0.09627652455166517,0.1344147194710944,0.03557794819593719,0.024515107101344878,0.5507281178782027,0.1008719728196263,0.6759581270785202,0.13004279331270893,0.0026600383559215518,0.8254822994216147,2.7569900037171564,0.5914950474803469,,0.029148565623432047,0.0,0.0,0.0016114741788119506,0.0008302356734118379,0.001097081942692591,0.0004667812174696788,0.0009802721601954504,0.002666018782885598,10
lookahead,2.0,auction,28.714027490813674,112.7734130159583,10.642391597236172,0.14918050787966264,18.719110901096297,116.07266666666666,21.932999007693102,12.529916666666667,10.529916666666667,0.0,0.49541666666666667,0.22599225982184415,0.10467683923336384,0.1916085932889798,0.13282799346797847,0.05724424441289094,0.2876500697749428,0.21102813137980672,1.0362562008565313,0.09812741549946455,0.00634162796528429,0.9272556385631153,2.455988434230749,1.1500270416854537,0.02768205692479707,0.02768205692479707,0.0,0.006397420925995054,0.0021872304398633333,0.00190435196150281,0.0017096770960237935,0.002281358214466661,0.002938123759454165,0.005628344563236554,10
lookahead,2.0,auction_ra,28.76306051785149,113.46140922682525,10.57696388481784,0.14763849828544856,18.486857769518192,183.93916666666667,22.3909275019214,14.545583333333331,2.1243333333333334,0.31858333333333333,0.014083333333333333,0.22740491672464036,0.1464163864480863,0.19277776512752773,0.21241785682364958,0.05878616151016817,0.16219691336592784,0.14952164620971195,0.6860506142293918,0.06400697272904607,0.004930847619082262,0.7083436217828324,3.0396105811480774,1.1968760290484586,0.06251201548423715,0.022855652800239767,0.00969433170302045,0.003122344497295885,0.0011238982241941517,0.0014941019821906273,0.001127219592685391,0.0016188931510055216,0.0029248415528916882,0.003098511811222809,10
lookahead,2.0,central,28.78500140633123,113.04496413605537,10.61613037089329,0.1470482488782418,18.401379049334217,185.87616666666668,22.057195683342393,,2.334,0.3254166666666667,0.0,0.2265715567059697,0.14686710544304307,0.1920726033746832,0.21213774154851645,0.05768191399681412,0.1646690789309735,0.16020203575811393,0.7773632483799989,0.07320413783236732,0.005404946817952326,0.7756425695038488,3.4480925715701565,1.2303970874127448,,0.018754289973858574,0.012609101046696082,0.0,0.0014810420478162528,0.001184255694186073,0.0014761789884183056,0.0027971206052645513,0.00284203231734597,0.0033450787671021488,10
lookahead,2.0,fifo,28.16110352047607,111.00791779526062,10.810925112018214,0.16552306951849777,21.172665675042616,240.22916666666666,21.97302243947734,,2.2468333333333335,0.31708333333333333,0.0,0.22251892309702653,0.17333176447278684,0.18860240338884768,0.19352359791978885,0.05642852662084078,0.1655947845007093,0.1895443548080402,0.7552973506577308,0.0739967146087154,0.005335117750439628,0.8274713564397571,3.82120192139622,1.5403581221342897,,0.022514494118064114,0.013118639521372018,0.0,0.001683038265223319,0.001979527220358613,0.00125195217408122,0.0016876775644035604,0.00368135504995724,0.004263162075894977,10
lookahead,2.0,nearest,28.767889473810175,113.09601667075125,10.611666726583778,0.14753449943580993,18.471596539748287,187.70483333333334,22.41787741137904,,2.214,0.33466666666666667,0.0,0.22667320008799202,0.1479970201517338,0.192158925024169,0.21165998596209284,0.058645646092202554,0.16286522268180975,0.15028436940157344,0.9106580830071005,0.08569057179695848,0.0049281036321819965,0.7095541571685283,3.674867376269679,1.4267772389714672,,0.026267060129099667,0.018885211563152357,0.0,0.001673574563786128,0.0016332434433950055,0.0016535561474968446,0.0029569878558111545,0.003352370323356874,0.004279638618764491,10
lookahead,3.0,auction,31.01431029536467,122.86738305365775,9.767990525027951,0.08088434089797723,9.397632906449564,118.28266666666666,27.191607284782314,10.45975,8.45975,0.0,0.7060833333333333,0.2462836221460146,0.11674209422160935,0.20875017903680715,0.2364295044440597,0.0772840189451311,0.11451058120637816,0.19382508198826953,1.0869202277423484,0.08759337959931245,0.006168107699555065,0.7773138332683912,1.8230241599135688,1.5747501431469144,0.04162782954336936,0.04162782954336936,0.0,0.00423444039800471,0.0021274057398002256,0.0009561200664728359,0.0020319594448766428,0.003937496421436096,0.003971931372473358,0.0048771077393212426,10
lookahead,3.0,auction_ra,30.95209952012553,122.26425954985515,9.816204795349059,0.0827638920656822,9.635050434741192,151.1705,28.871403612247427,31.143416666666667,2.4614166666666666,0.22999999999999998,0.21666666666666665,0.24507873141018596,0.13807104671698828,0.20770765432284266,0.31288828470400387,0.08164089292751525,0.014613389918463966,0.20166391323518645,1.1010401354656256,0.08832129163032947,0.005619817456971849,0.716730403935735,3.0767138965368432,1.8357073794511605,0.6613146108425613,0.045762975271117445,0.02050666691142517,0.03890257532566106,0.0022630302900543413,0.0016181318659226078,0.0018776820879323418,0.0032030947301828275,0.0045731396414340365,0.003905938044515116,10
lookahead,3.0,central,30.19178056369895,118.29124350360223,10.14490538515459,0.10543125437571892,12.576895612056823,194.87541666666667,23.214317398602823,,3.0273333333333334,0.11791666666666667,0.0,0.23716169161864356,0.15765795182221576,0.20098985682629866,0.3214079669562142,0.06355958543658109,0.019222947340046745,0.10141037193777697,0.5943167728627532,0.051160746201969524,0.00332830987942473,0.43427834143309046,3.7243133541019975,0.9373295211914986,,0.025221020311914026,0.007377745308115007,0.0,0.0014363381064716855,0.00203560140204297,0.0009326794759812627,0.002475812786690126,0.0024858070394533772,0.003293988957506652,10
lookahead,3.0,fifo,30.387635191280843,120.11466721266716,9.991081200549555,0.09948780693189571,11.78909009044833,239.16966666666667,24.9574237468267,,3.136833333333333,0.09833333333333334,0.0,0.24086517319881068,0.1869299985198715,0.20404755348856085,0.2869484716892158,0.06938053106264715,0.011828272040894056,0.10147448417547997,0.7176468564736148,0.059737729897887795,0.0025466372021466202,0.3353759027277634,2.4075451374915176,1.0210843191541554,,0.019013570467534303,0.004469876580150834,0.0,0.0013520579612374694,0.0016648314200141746,0.001109635611411637,0.0030226232090728522,0.0027613231994910725,0.003901368506834421,10
lookahead,3.0,nearest,30.955280658470326,121.8028162902355,9.852850914707352,0.08271201864276159,9.624078291165713,143.13975,28.525007428152065,,2.903583333333333,0.09225,0.0,0.24414801748492637,0.13261152523278197,0.20692922845210546,0.32038676335526506,0.08039749067823065,0.015526974796690487,0.14891809369121398,0.8610819495037514,0.06932991617207693,0.003441309890907021,0.444985079075679,2.353095673639646,1.481607897287515,,0.024774395370369882,0.006488125547655471,0.0,0.0016711019538486447,0.0012340073546137796,0.0015255940325269036,0.002733989503697599,0.0038832086004657713,0.0034457982023286694,10
lookahead,5.0,auction,28.08154288922587,110.91511683747214,10.822727488928914,0.16782883215478578,21.54259257364459,201.69175,23.86964685245512,4.2781666666666665,2.2781666666666665,0.27175,0.9869999999999999,0.22233745301123803,0.15247740103629354,0.18844517864109875,0.3622925261157299,0.06128094343506916,0.013166497760570639,0.2916238335507565,1.53102320343466,0.15012141301702187,0.009049915785568617,1.3709457258638882,2.0157499066830176,0.9790815856804901,0.05970692533517379,0.05970692533517382,0.015238498291470488,0.001410702843037914,0.002758909484623706,0.0029365430879594702,0.0026410174487919726,0.007191015645698828,0.002591226964108438,0.0033766147971514425,10
lookahead,5.0,auction_ra,30.851625044503283,121.217657431187,9.901791691564664,0.0858718515097195,10.046341976766826,107.87833333333333,32.159163590924834,36.159333333333336,3.792333333333333,0.022083333333333333,0.04475,0.24294342705340938,0.11018795368050971,0.20593717828542663,0.33815439773624467,0.09026011950214369,0.012516923742265856,0.32839934225053624,1.3620589270856933,0.11354687049642921,0.009870589239607114,1.276505104038657,3.6116151019156266,0.9342941523391766,0.13216481601195465,0.052059658882518976,0.00928744591949,0.01793914507737402,0.0028221809393816797,0.0015164342533465194,0.0020758025245035372,0.0079615074918542,0.003165278042310709,0.0023321613950075923,10
lookahead,5.0,central,30.040202949546188,117.00312655789715,10.25732257608243,0.11005363384928865,13.20457245969979,187.85108333333332,23.068214512605543,,4.247083333333333,0.0035000000000000005,0.0,0.23455918802250633,0.15199745339544668,0.19879115067456504,0.3346016988713635,0.062461855134487286,0.017588653901631193,0.22004521940977478,0.9503039591706895,0.08306315570724217,0.006280811061346926,0.8465930852719332,3.494106284475062,1.1375498051603807,,0.017034116871535603,0.0022269737252025353,0.0,0.002071180256930525,0.0025066168836435257,0.0017803518521474263,0.003813169250609508,0.0029358781345770065,0.004766152192847213,10
lookahead,5.0,fifo,30.719512746557932,121.09470930984551,9.909789797565193,0.08966617964992803,10.510709290392482,242.86925000000002,24.921138361154853,,4.1685,0.0025833333333333333,0.0,0.24283508976982934,0.1908940613440957,0.20571103749072894,0.2795257563285575,0.06985696892606638,0.011177086140722202,0.08564011311808917,0.4015848890601224,0.03272822635059444,0.003017069014258046,0.37712829655355357,2.884859918451525,0.6735879348349941,,0.007534237485675852,0.0008638755360341095,0.0,0.0010669113325319723,0.0019017284701071137,0.0008115586038194003,0.0025084082439581433,0.0019014383840883977,0.0028820144443475696,10
lookahead,5.0,nearest,30.915727312837127,120.98057397132561,9.921075666732083,0.08405359625880114,9.809979434009632,102.40533333333333,31.472317876420384,,4.011083333333334,0.0036666666666666666,0.0,0.2424983277320009,0.10649007793974885,0.20555126199789653,0.342130534326484,0.08813981899986158,0.01518997900400817,0.31410274610718725,1.3400263727783648,0.10923614862042381,0.008521276174971318,1.0856803182477959,2.389083847394991,1.6505703095999382,,0.022456983943594563,0.0010209917593274967,0.0,0.003037869259543413,0.0013933237660874048,0.0022506803735856504,0.007852400324720956,0.00472604839910704,0.003194099171491237,10
qc_cycle_scale,0.8,auction,33.17166808370244,130.17591915604356,9.221612437498539,0.1952936543548656,21.23217938986017,140.66866666666667,31.330576834137084,10.79875,8.79875,0.0,0.7190833333333334,0.2609977837623455,0.13957204570115794,0.2211443402654226,0.21180986520148948,0.09440496470349392,0.07207100036609052,0.41518694500401754,1.8621646243466898,0.13190126515388512,0.010745499947167024,1.4456050687134168,2.9282149565636435,1.1303808068659258,0.03764733403571687,0.03764733403571687,0.0,0.00645395480028025,0.0036389925321524377,0.0025047708501291627,0.003142371213774607,0.0076088446297978484,0.0036032174781202688,0.006679508979535277,10
qc_cycle_scale,0.8,auction_ra,34.305214693565986,133.5523176281815,8.986553465658636,0.16794482803332586,17.64152749746734,159.65733333333333,33.303065988371664,33.2235,2.6935833333333337,0.16091666666666665,0.036583333333333336,0.2677595084872234,0.15628033574418532,0.2268592021494658,0.2239288212012119,0.10291264814465073,0.02225948427326285,0.2554095963198823,1.2170366169709723,0.08179707420064236,0.005842231580622677,0.7451687590863612,2.069333352083925,1.1634549288170737,0.1289379360654005,0.018402006999773648,0.011444226972162073,0.00973254332297237,0.0022390951023857565,0.0015716645800094124,0.0017546135674607088,0.003063409344855777,0.002994582717422843,0.004576494358302498,10
qc_cycle_scale,0.8,central,31.91791860338567,119.81087246998823,10.020536463043829,0.2270888967716364,25.670076051659294,234.61100000000002,25.626830887237446,,2.8034166666666667,0.2325833333333333,0.0,0.24022292948417356,0.18261067343579085,0.20351832267337588,0.25543499664073493,0.07100779122145737,0.047205286544467415,0.14377076086269308,1.9699681004699385,0.16430738396852018,0.004049795915285745,0.5629566019950992,1.9608568109035804,1.2680373848317241,,0.04902343403142886,0.01284858090160246,0.0,0.0037393389281919075,0.002802962847832655,0.00352507462064443,0.0037019972153340347,0.002919137550705919,0.012216716952642148,10
qc_cycle_scale,0.8,fifo,33.374236383150404,131.48424322451655,9.127162336840298,0.1903178438593321,20.53563244923916,256.04908333333333,30.137005776094163,,3.1736666666666666,0.16724999999999998,0.0,0.26384433098286986,0.215722232216392,0.22340016454290082,0.19193863080893764,0.09170179231665354,0.013392849132246181,0.12517009881944902,0.799588808635218,0.05549206385198236,0.0032995041000096373,0.42546958483039876,2.486267885048832,1.5510092487330993,,0.025746898886170565,0.009955562088753814,0.0,0.0013514311112655202,0.002055510882506444,0.001535393815092463,0.0016404952647008657,0.004500263035990084,0.004349573559453973,10
qc_cycle_scale,0.8,nearest,34.20989378742652,133.38013044471228,8.997760507475501,0.17025779039061908,17.932954328665623,158.20133333333334,34.520923809435686,,2.915583333333333,0.127,0.0,0.26744164911324503,0.15514565560895488,0.22659659244961242,0.22281979845682995,0.10652952451600359,0.021466779855354147,0.22395131364403767,1.0183953942739514,0.06838101528394462,0.005850678722739801,0.7300235080368029,1.9928060031957047,1.8848890828792562,,0.03635479947691409,0.007974200557390948,0.0,0.002334033027316025,0.0016220526426880258,0.0017148923094312389,0.0025496526897464474,0.005300159949019361,0.004901597550890102,10
qc_cycle_scale,1.0,auction,31.01431029536467,122.86738305365775,9.767990525027951,0.08088434089797723,9.397632906449564,118.28266666666666,27.191607284782314,10.45975,8.45975,0.0,0.7060833333333333,0.2462836221460146,0.11674209422160935,0.20875017903680715,0.2364295044440597,0.0772840189451311,0.11451058120637816,0.19382508198826953,1.0869202277423484,0.08759337959931245,0.006168107699555065,0.7773138332683912,1.8230241599135688,1.5747501431469144,0.04162782954336936,0.04162782954336936,0.0,0.00423444039800471,0.0021274057398002256,0.0009561200664728359,0.0020319594448766428,0.003937496421436096,0.003971931372473358,0.0048771077393212426,10
qc_cycle_scale,1.0,auction_ra,30.95209952012553,122.26425954985515,9.816204795349059,0.0827638920656822,9.635050434741192,151.1705,28.871403612247427,31.143416666666667,2.4614166666666666,0.22999999999999998,0.21666666666666665,0.24507873141018596,0.13807104671698828,0.20770765432284266,0.31288828470400387,0.08164089292751525,0.014613389918463966,0.20166391323518645,1.1010401354656256,0.08832129163032947,0.005619817456971849,0.716730403935735,3.0767138965368432,1.8357073794511605,0.6613146108425613,0.045762975271117445,0.02050666691142517,0.03890257532566106,0.0022630302900543413,0.0016181318659226078,0.0018776820879323418,0.0032030947301828275,0.0045731396414340365,0.003905938044515116,10
qc_cycle_scale,1.0,central,30.19178056369895,118.29124350360223,10.14490538515459,0.10543125437571892,12.576895612056823,194.87541666666667,23.214317398602823,,3.0273333333333334,0.11791666666666667,0.0,0.23716169161864356,0.15765795182221576,0.20098985682629866,0.3214079669562142,0.06355958543658109,0.019222947340046745,0.10141037193777697,0.5943167728627532,0.051160746201969524,0.00332830987942473,0.43427834143309046,3.7243133541019975,0.9373295211914986,,0.025221020311914026,0.007377745308115007,0.0,0.0014363381064716855,0.00203560140204297,0.0009326794759812627,0.002475812786690126,0.0024858070394533772,0.003293988957506652,10
qc_cycle_scale,1.0,fifo,30.387635191280843,120.11466721266716,9.991081200549555,0.09948780693189571,11.78909009044833,239.16966666666667,24.9574237468267,,3.136833333333333,0.09833333333333334,0.0,0.24086517319881068,0.1869299985198715,0.20404755348856085,0.2869484716892158,0.06938053106264715,0.011828272040894056,0.10147448417547997,0.7176468564736148,0.059737729897887795,0.0025466372021466202,0.3353759027277634,2.4075451374915176,1.0210843191541554,,0.019013570467534303,0.004469876580150834,0.0,0.0013520579612374694,0.0016648314200141746,0.001109635611411637,0.0030226232090728522,0.0027613231994910725,0.003901368506834421,10
qc_cycle_scale,1.0,nearest,30.955280658470326,121.8028162902355,9.852850914707352,0.08271201864276159,9.624078291165713,143.13975,28.525007428152065,,2.903583333333333,0.09225,0.0,0.24414801748492637,0.13261152523278197,0.20692922845210546,0.32038676335526506,0.08039749067823065,0.015526974796690487,0.14891809369121398,0.8610819495037514,0.06932991617207693,0.003441309890907021,0.444985079075679,2.353095673639646,1.481607897287515,,0.024774395370369882,0.006488125547655471,0.0,0.0016711019538486447,0.0012340073546137796,0.0015255940325269036,0.002733989503697599,0.0038832086004657713,0.0034457982023286694,10
qc_cycle_scale,1.2,auction,27.244925997322827,108.2175785489984,11.089502618183648,0.046220499371489435,6.111483244801258,115.07058333333335,23.368821624166095,10.190583333333333,8.190583333333333,0.0,0.7538333333333334,0.21687722628563563,0.10046003299013542,0.1838450535597324,0.27010732113632896,0.058521830319541356,0.1701885357086262,0.12805352018122013,0.6619578181847926,0.06796345547097829,0.003697618955196459,0.5154054759468532,1.972614334271054,0.9640563898610583,0.03507790372731588,0.03507790372731588,0.0,0.009316947130291058,0.0016466976303921444,0.001372772274076191,0.0010666496507724134,0.0032570483127021457,0.002179228462193153,0.0029333738883814144,10
qc_cycle_scale,1.2,auction_ra,27.821437689195015,110.47247052337829,10.862959182712007,0.026034293904014398,3.3713696926230474,154.29808333333332,23.503419847085297,22.716833333333334,2.5008333333333335,0.36275,0.44658333333333333,0.22144958816326582,0.12675145247657932,0.18770243321950164,0.38602225842146953,0.060078550726767065,0.01799571699241661,0.10585927556874933,0.5786089705292524,0.056936770805245944,0.0032374189119798043,0.43093790394201525,2.0531145743377928,1.8270195993971274,1.0874832701089356,0.045553648012614995,0.015154311355668705,0.027352016819517638,0.0013506237801500375,0.0012801835219788335,0.0011339620178373283,0.0035137084904429215,0.004506101745039372,0.0023742105581993442,10
qc_cycle_scale,1.2,central,27.48348866540382,108.80361714958603,11.030007486462559,0.03791730150957673,4.971060036728271,195.00650000000002,21.591830945960872,,3.0177500000000004,0.06258333333333334,0.0,0.2181246043172477,0.14544137140403118,0.18485216656189213,0.38581659355904324,0.05435398374247756,0.011411280415308186,0.12974144797000764,0.7647033054847956,0.0778610566449174,0.0037303398456460324,0.5129885062164272,2.875205242151036,1.0959275150276182,,0.02361401934015096,0.0065450825424502035,0.0,0.0016788881048727165,0.001593769418265586,0.0014036225242788668,0.004214732478016541,0.002460627524433191,0.0033966956235439005,10
qc_cycle_scale,1.2,fifo,27.45408999981217,108.72836996822055,11.037145220232967,0.03893774699456959,5.110076248729251,228.00483333333332,21.581781764369634,,2.9544166666666665,0.06433333333333333,0.0,0.21797157624103983,0.16346063625571844,0.1847099542404798,0.36881626288700087,0.05428865970386367,0.010752910671897362,0.1214383273640676,0.5327910088930842,0.05422475220288287,0.00398104674059558,0.5425244564156477,2.194806566334914,1.5528312946356857,,0.015211526099822252,0.005846270385232296,0.0,0.0014616888223095263,0.0017496876776081553,0.0009725937047593673,0.002115937464730027,0.00367093123925408,0.0016587757317794312,10
qc_cycle_scale,1.2,nearest,27.510652799076308,108.94310210218323,11.01531490267692,0.036935846322069685,4.834344671094375,136.86616666666666,24.548931693466283,,2.77375,0.07716666666666666,0.0,0.2183552611653384,0.11526620433970383,0.1850817245285533,0.40785304734067845,0.061893535935168276,0.011550226690557686,0.06054875921081298,0.489891715995484,0.04941679475755323,0.002096325026527785,0.28193058744039273,1.6831892872890495,1.1318333767322881,,0.020130142926017426,0.004860893050246241,0.0,0.001121280371157944,0.001302994147353294,0.0008331185324645889,0.0027851667723248373,0.00266729821360793,0.002874771344769119,10
quay_to_yard_m,100.0,auction,31.291523238813255,123.69816433467933,9.703187732179321,0.07269488658916372,8.37633446353146,109.66366666666667,27.70049401098518,10.421583333333334,8.421583333333334,0.0,0.70975,0.2107331442697889,0.11217525772938375,0.21018180121966118,0.24991673632818823,0.07925848977941438,0.1377345706735636,0.26248691311994804,1.3922992563470793,0.10885181262165217,0.006821965327154792,0.848150128713042,2.50637214747955,1.571441414575139,0.028698947804431982,0.028698947804431982,0.0,0.005471211728216029,0.0025026240731672207,0.001569151174769167,0.0023427840163224084,0.003262417677028903,0.004013901544376937,0.005660916992383857,10
quay_to_yard_m,100.0,auction_ra,31.378568950128816,124.02993466341245,9.675584599272145,0.0701116960582682,8.049415954443583,138.36333333333332,29.445250615266684,29.462333333333333,2.40525,0.256,0.26716666666666666,0.2112705442403077,0.13248357456382534,0.21072770685975498,0.3456792334608051,0.0845195408292683,0.015319400046038609,0.16477741943664842,0.6701769200710602,0.05271145188869852,0.004618881036465583,0.5715253224947642,2.690692601175576,1.099994703821738,1.1225772209452092,0.06735840823447142,0.04332958940257723,0.06739014370169626,0.001082079095085345,0.0021114724420058175,0.0012996003415456684,0.004639640200077077,0.002887222636693504,0.00428678610097897,10
quay_to_yard_m,100.0,central,31.07564831654679,121.8912481255359,9.846031742246728,0.07920484686722136,9.182602037201697,175.981,25.033662331203903,,3.004166666666667,0.10316666666666667,0.0,0.20764720035275297,0.15187771984820095,0.20708009947541908,0.3440831691405138,0.07060856657845763,0.018703244604655576,0.16893253837464733,1.007295436868172,0.08190843108074672,0.004393319310480071,0.5584294159375018,2.067591250799045,1.256054396214569,,0.024980652834957758,0.006523025326445759,0.0,0.0019118821525382183,0.0017505697909202373,0.0018194771549563035,0.0028735364891830854,0.0032922864545048757,0.004847938165537738,10
quay_to_yard_m,100.0,fifo,31.145223310732213,123.1450154046252,9.745125933669964,0.07702919612876694,8.908020334219083,203.515,26.980423539235897,,3.0351666666666666,0.08775,0.0,0.20979864165946074,0.17129178561469163,0.2092022127357874,0.321022617675541,0.07689442095805545,0.01179032135646375,0.13621753318275623,0.6745685069289814,0.0536807493923352,0.00407919184655456,0.5083229675742458,1.9180467901400442,1.0915453145397813,,0.022897078014510686,0.006685942981635144,0.0,0.0011093960522624994,0.0008414643934542465,0.0010786177982030074,0.002903180675481942,0.0029137746634789585,0.002559873687537351,10
quay_to_yard_m,100.0,nearest,31.284751694875972,123.86715402067382,9.688838154190046,0.07287050375252317,8.391030347857694,129.54933333333332,28.926341954621382,,2.7906666666666666,0.09533333333333334,0.0,0.21102749864353143,0.1267570780176565,0.21046795571732851,0.35697258788258024,0.08290310103165488,0.011871778707248395,0.17661653204294422,0.9683314968115481,0.07563714676649168,0.004326605447291601,0.5455267920136819,1.2687394463571293,1.3199507132363215,,0.024459609636144696,0.0072260621686093245,0.0,0.0020713189343124863,0.0008666049945427172,0.0018518401415820898,0.002754905942629493,0.003374604682540363,0.003237674698111752,10
quay_to_yard_m,150.0,auction,31.01431029536467,122.86738305365775,9.767990525027951,0.08088434089797723,9.397632906449564,118.28266666666666,27.191607284782314,10.45975,8.45975,0.0,0.7060833333333333,0.2462836221460146,0.11674209422160935,0.20875017903680715,0.2364295044440597,0.0772840189451311,0.11451058120637816,0.19382508198826953,1.0869202277423484,0.08759337959931245,0.006168107699555065,0.7773138332683912,1.8230241599135688,1.5747501431469144,0.04162782954336936,0.04162782954336936,0.0,0.00423444039800471,0.0021274057398002256,0.0009561200664728359,0.0020319594448766428,0.003937496421436096,0.003971931372473358,0.0048771077393212426,10
quay_to_yard_m,150.0,auction_ra,30.95209952012553,122.26425954985515,9.816204795349059,0.0827638920656822,9.635050434741192,151.1705,28.871403612247427,31.143416666666667,2.4614166666666666,0.22999999999999998,0.21666666666666665,0.24507873141018596,0.13807104671698828,0.20770765432284266,0.31288828470400387,0.08164089292751525,0.014613389918463966,0.20166391323518645,1.1010401354656256,0.08832129163032947,0.005619817456971849,0.716730403935735,3.0767138965368432,1.8357073794511605,0.6613146108425613,0.045762975271117445,0.02050666691142517,0.03890257532566106,0.0022630302900543413,0.0016181318659226078,0.0018776820879323418,0.0032030947301828275,0.0045731396414340365,0.003905938044515116,10
quay_to_yard_m,150.0,central,30.19178056369895,118.29124350360223,10.14490538515459,0.10543125437571892,12.576895612056823,194.87541666666667,23.214317398602823,,3.0273333333333334,0.11791666666666667,0.0,0.23716169161864356,0.15765795182221576,0.20098985682629866,0.3214079669562142,0.06355958543658109,0.019222947340046745,0.10141037193777697,0.5943167728627532,0.051160746201969524,0.00332830987942473,0.43427834143309046,3.7243133541019975,0.9373295211914986,,0.025221020311914026,0.007377745308115007,0.0,0.0014363381064716855,0.00203560140204297,0.0009326794759812627,0.002475812786690126,0.0024858070394533772,0.003293988957506652,10
quay_to_yard_m,150.0,fifo,30.387635191280843,120.11466721266716,9.991081200549555,0.09948780693189571,11.78909009044833,239.16966666666667,24.9574237468267,,3.136833333333333,0.09833333333333334,0.0,0.24086517319881068,0.1869299985198715,0.20404755348856085,0.2869484716892158,0.06938053106264715,0.011828272040894056,0.10147448417547997,0.7176468564736148,0.059737729897887795,0.0025466372021466202,0.3353759027277634,2.4075451374915176,1.0210843191541554,,0.019013570467534303,0.004469876580150834,0.0,0.0013520579612374694,0.0016648314200141746,0.001109635611411637,0.0030226232090728522,0.0027613231994910725,0.003901368506834421,10
quay_to_yard_m,150.0,nearest,30.955280658470326,121.8028162902355,9.852850914707352,0.08271201864276159,9.624078291165713,143.13975,28.525007428152065,,2.903583333333333,0.09225,0.0,0.24414801748492637,0.13261152523278197,0.20692922845210546,0.32038676335526506,0.08039749067823065,0.015526974796690487,0.14891809369121398,0.8610819495037514,0.06932991617207693,0.003441309890907021,0.444985079075679,2.353095673639646,1.481607897287515,,0.024774395370369882,0.006488125547655471,0.0,0.0016711019538486447,0.0012340073546137796,0.0015255940325269036,0.002733989503697599,0.0038832086004657713,0.0034457982023286694,10
quay_to_yard_m,200.0,auction,30.379261088235324,120.43032671006748,9.965059137443344,0.09972032485963193,11.823378085388857,127.94816666666665,26.712431298549273,10.48775,8.48775,0.0,0.7016666666666667,0.2776950580658867,0.11979593413352725,0.20458286082041788,0.2277633156007289,0.07445026844404355,0.09571256293539576,0.17376748495365454,0.8077531977529044,0.06710450232735184,0.0042053484145877194,0.5656764231729375,1.586737027395905,0.9219687735493535,0.04061284633160329,0.04061284633160329,0.0,0.008017657012987262,0.0021540039689858562,0.000963015777017961,0.001331313967451836,0.0031378377037550895,0.0023195292414891436,0.004090969466723103,10
quay_to_yard_m,200.0,auction_ra,30.454366154302015,120.30608805276238,9.975313418578118,0.09751117943500368,11.532981305563425,164.7815,27.340699055712832,32.042833333333334,2.4955,0.22416666666666668,0.19791666666666666,0.27747283538904044,0.1435390333735423,0.2044173306571683,0.28461504300264984,0.07612821983565875,0.013827537741940354,0.14974496967456172,0.7859023113612246,0.06579351775393577,0.004702125438946993,0.6168665009065191,2.505262724671353,1.4455019482863256,0.46975802839360975,0.048729977186582986,0.021162408572352066,0.039063878236026486,0.0019090110705761482,0.0016739829549187988,0.0016101705868729267,0.0036027785969979186,0.003925429751254329,0.004051248870682378,10
quay_to_yard_m,200.0,central,29.140690151588394,113.05290309252723,10.616823409446743,0.13693915396096512,16.93164958606922,222.5015,22.56836994528929,,2.9984166666666665,0.14483333333333331,0.0,0.26071153518681645,0.16510516625396363,0.1920627257756435,0.2984077950325293,0.05905085420606324,0.024661923544983866,0.10966178286224851,1.2583809671284167,0.11872038751644404,0.0032411563251682285,0.46245404274716395,4.327273049527702,0.9331192575142797,,0.04013696228563502,0.0165104185634021,0.0,0.0034059270526523404,0.0028494370279978742,0.0023818735979931,0.002853907739793307,0.0023975096981866915,0.00816194331573101,10
quay_to_yard_m,200.0,fifo,29.603273399267447,116.94520985607355,10.262418876352015,0.12275534214877584,14.934072914026618,276.159,23.314771865078818,,3.2158333333333333,0.11791666666666667,0.0,0.26982229735673785,0.202536762525797,0.19868733306796746,0.25355076145967154,0.06309214776641117,0.012310697823414965,0.13875942879501646,0.9554704495127632,0.08375228439705076,0.0039235264348359946,0.5415352540599548,4.456710352954202,1.393264315592785,,0.020897668556634733,0.00719347578515755,0.0,0.0022738502061516483,0.0029734285476848868,0.001636343154457749,0.003256196986811278,0.003609600324329716,0.005074154607217071,10
quay_to_yard_m,200.0,nearest,30.51414308738264,120.63297784300661,9.948417024147941,0.09576281056286402,11.301831322364006,154.91883333333334,28.507781436426143,,2.9641666666666664,0.08658333333333333,0.0,0.27818755374930165,0.1379475275076701,0.20495475604007307,0.2878150740728617,0.07956099444443727,0.011534094185656171,0.11471382058411347,0.8582065602220754,0.07100845868092134,0.0032595303806759,0.42312777271215885,2.4175359399794742,1.1464678765393204,,0.01716976164297437,0.004927453333499607,0.0,0.002017619251279707,0.0011498611487013957,0.0015095012033365506,0.0031553593248644526,0.0026848057075699082,0.0033548711429179047,10
quay_to_yard_m,250.0,auction,30.405639503485986,120.42731434357601,9.967229297057976,0.0989670832980898,11.735725077097154,131.27075,26.45554256759315,10.372499999999999,8.372499999999999,0.0,0.69625,0.31406049938074515,0.12122134531753545,0.20459290043026185,0.19948059205655966,0.07367928121495562,0.08696538159994223,0.28515971219888286,1.4905482275198925,0.12463928802441337,0.0077624968007611725,1.0383745386227825,2.205527745741402,1.6085327961245832,0.054230062799382486,0.054230062799382486,0.0,0.007562746149343267,0.0039136079357440755,0.0021851004112405834,0.0023655481647142608,0.005221633844653385,0.003886760475127276,0.004386413834200427,10
quay_to_yard_m,250.0,auction_ra,29.88249440353162,117.73463617097227,10.192776580086779,0.1145035549353596,13.799405038644469,176.63858333333332,27.77783793702241,32.94,2.6069166666666668,0.19591666666666668,0.13225,0.3070729632020705,0.14678671557347373,0.2000318103694501,0.2557803064677105,0.07569557396521795,0.014632630422077197,0.09602765155524343,0.5305646757250962,0.045913910675314765,0.003953568327836568,0.5171285554012046,3.483954241930823,0.9749270272803618,0.40617503133189126,0.08454977603084535,0.03269426817897699,0.047703747295212554,0.0011987653827237777,0.002036546054368537,0.0010004440402434235,0.002224975194941777,0.0025362311542874044,0.0033502233513520484,10
quay_to_yard_m,250.0,central,28.060592823434252,107.74480993809857,11.138828621662352,0.169124412932878,21.725449027501455,259.7465,20.996481174823977,,2.9718333333333335,0.16625,0.0,0.28100111353311047,0.17618111262650543,0.18302772216798857,0.27520440808628055,0.05234841411749151,0.03223722946862344,0.174255469466108,0.9167470659797322,0.09364487010650988,0.004983762322320604,0.7682231634227226,4.13766594153598,1.0185447167141721,,0.026888074431338553,0.010913698156466431,0.0,0.002320310804352507,0.0016125587939612705,0.0014898252120231343,0.002764742996837199,0.0023587560440241004,0.0055237124445145155,10
quay_to_yard_m,250.0,fifo,28.71149572993179,113.49929878326097,10.57331847184799,0.14916317957344755,18.708166410934037,320.08816666666667,22.96275474673252,,3.2478333333333333,0.1325,0.0,0.2962326633967541,0.21979003336452854,0.19281718282215593,0.21943040941000969,0.06031535073934948,0.011414360267202323,0.11962807043327495,0.626282924899418,0.05831663731555871,0.0033955630596660645,0.49893944247943534,3.6372056560491224,1.688722730943771,,0.015727511586927572,0.006796936369689221,0.0,0.001757795945860868,0.002248733404085141,0.0009724215739360954,0.003219062713091359,0.004328461561921712,0.003939854242582244,10
quay_to_yard_m,250.0,nearest,29.974751006734387,118.04118285710365,10.166550469724967,0.11180747645671281,13.436774043785311,169.9685,27.19494309619814,,3.0035,0.09291666666666668,0.0,0.30786351512297233,0.14318594058696515,0.200540084066753,0.2605580012835867,0.07429139065521514,0.013561068284507694,0.1517377896255404,0.6866800413640571,0.05932400494916135,0.005142740030994665,0.6851612609305378,2.9708197928588516,1.13926396507152,,0.016076629546825167,0.00532639855024449,0.0,0.0018558517944419655,0.0014463677518724233,0.0011346203076601192,0.0019461301126708806,0.002884324271488193,0.0026780622111331523,10
travel_cv,0.0,auction,31.10251387718795,123.1884050563059,9.742540877892246,0.07828799196417652,9.078510025091562,119.66716666666666,27.536213063246453,10.438583333333334,8.438583333333334,0.0,0.7069166666666666,0.24706995576191387,0.11776331487155209,0.20928979146033874,0.23329863483968563,0.07846277630037096,0.1141155267661387,0.29856525032434245,1.100781918043166,0.08682190867180808,0.007827984288557561,0.983244884491848,2.09757523625297,1.900322539844579,0.0467134372165343,0.0467134372165343,0.0,0.008416733891318598,0.0023621028604960044,0.0017824577811429373,0.0019975437271855627,0.004827109302166579,0.00497852137648693,0.00473958231915006,10
travel_cv,0.0,auction_ra,31.005856362425522,122.52802554591713,9.794337014061586,0.08117300712220984,9.427762914643496,152.01875,28.02935975911593,30.578166666666668,2.4560833333333334,0.2345,0.2435,0.24578422738146308,0.13878939013498504,0.20818205024474584,0.31323508163621494,0.07948494959966004,0.014524301002931048,0.10917011035830139,0.7585558495766985,0.06054959655764444,0.002950547122568321,0.37302871838210944,3.7563023194671494,1.0496005027560773,0.8070239978216792,0.06890293377360898,0.03207087429354097,0.05200274241179117,0.0015374645025902339,0.0025686767179981854,0.0013240731705865714,0.0019402171613113303,0.002784250938454832,0.0029061757233497616,10
travel_cv,0.0,central,30.16918705471511,118.00592653953342,10.169563497715279,0.10613655527688655,12.674013231075124,195.00325,23.34600033785602,,3.0388333333333337,0.11508333333333334,0.0,0.23671289936182283,0.1570525540267122,0.2004820521448222,0.32153479458940626,0.06375998024449195,0.020457719632744564,0.15332995154828566,0.6736779640073625,0.05803767794594756,0.004708967904000091,0.6243250239406326,3.062309568644065,0.6743118066600975,,0.04152635409833877,0.010841825085820963,0.0,0.0016339304439881165,0.0015731714677576425,0.001337770558847376,0.0026611105194649016,0.001625751131163331,0.002207562162015517,10
travel_cv,0.0,fifo,30.413573542306448,120.17637534682702,9.986045744812076,0.0987174737535865,11.688376563050255,238.38641666666666,25.560727805758308,,3.148416666666667,0.09683333333333334,0.0,0.24112593223307638,0.1865693447268853,0.20416275383368837,0.284799437078351,0.07110625650226525,0.012236275625733737,0.11064262938825031,0.7699513402671375,0.06408929014264235,0.003018488785047494,0.39588595794598846,2.1630424257122827,0.5706386760232449,,0.024773439063853566,0.007191005262405614,0.0,0.001837721956419496,0.0016226082867873354,0.0012263904359727875,0.0026517734390860944,0.0016499899051042408,0.004074743885204041,10
travel_cv,0.0,nearest,31.031625859007942,122.71610753465036,9.779711835966648,0.08040433504587555,9.333417408066868,141.92858333333334,29.08522378487654,,2.9134166666666665,0.08574999999999999,0.0,0.246134989950962,0.13285634898710164,0.20848749954645668,0.31780817522161864,0.08257229788578932,0.012140688408071762,0.16285628014880402,0.9513018300154276,0.07661021531552037,0.004272702855913543,0.5452548857515455,2.20247701870728,1.7244042237263737,,0.01753712257210476,0.005644560484549808,0.0,0.002238505088509454,0.0008542679289028732,0.0016770820374065738,0.004009999149912338,0.004460310846822023,0.0037367937224182407,10
travel_cv,0.1,auction,31.01431029536467,122.86738305365775,9.767990525027951,0.08088434089797723,9.397632906449564,118.28266666666666,27.191607284782314,10.45975,8.45975,0.0,0.7060833333333333,0.2462836221460146,0.11674209422160935,0.20875017903680715,0.2364295044440597,0.0772840189451311,0.11451058120637816,0.19382508198826953,1.0869202277423484,0.08759337959931245,0.006168107699555065,0.7773138332683912,1.8230241599135688,1.5747501431469144,0.04162782954336936,0.04162782954336936,0.0,0.00423444039800471,0.0021274057398002256,0.0009561200664728359,0.0020319594448766428,0.003937496421436096,0.003971931372473358,0.0048771077393212426,10
travel_cv,0.1,auction_ra,30.95209952012553,122.26425954985515,9.816204795349059,0.0827638920656822,9.635050434741192,151.1705,28.871403612247427,31.143416666666667,2.4614166666666666,0.22999999999999998,0.21666666666666665,0.24507873141018596,0.13807104671698828,0.20770765432284266,0.31288828470400387,0.08164089292751525,0.014613389918463966,0.20166391323518645,1.1010401354656256,0.08832129163032947,0.005619817456971849,0.716730403935735,3.0767138965368432,1.8357073794511605,0.6613146108425613,0.045762975271117445,0.02050666691142517,0.03890257532566106,0.0022630302900543413,0.0016181318659226078,0.0018776820879323418,0.0032030947301828275,0.0045731396414340365,0.003905938044515116,10
travel_cv,0.1,central,30.19178056369895,118.29124350360223,10.14490538515459,0.10543125437571892,12.576895612056823,194.87541666666667,23.214317398602823,,3.0273333333333334,0.11791666666666667,0.0,0.23716169161864356,0.15765795182221576,0.20098985682629866,0.3214079669562142,0.06355958543658109,0.019222947340046745,0.10141037193777697,0.5943167728627532,0.051160746201969524,0.00332830987942473,0.43427834143309046,3.7243133541019975,0.9373295211914986,,0.025221020311914026,0.007377745308115007,0.0,0.0014363381064716855,0.00203560140204297,0.0009326794759812627,0.002475812786690126,0.0024858070394533772,0.003293988957506652,10
travel_cv,0.1,fifo,30.387635191280843,120.11466721266716,9.991081200549555,0.09948780693189571,11.78909009044833,239.16966666666667,24.9574237468267,,3.136833333333333,0.09833333333333334,0.0,0.24086517319881068,0.1869299985198715,0.20404755348856085,0.2869484716892158,0.06938053106264715,0.011828272040894056,0.10147448417547997,0.7176468564736148,0.059737729897887795,0.0025466372021466202,0.3353759027277634,2.4075451374915176,1.0210843191541554,,0.019013570467534303,0.004469876580150834,0.0,0.0013520579612374694,0.0016648314200141746,0.001109635611411637,0.0030226232090728522,0.0027613231994910725,0.003901368506834421,10
travel_cv,0.1,nearest,30.955280658470326,121.8028162902355,9.852850914707352,0.08271201864276159,9.624078291165713,143.13975,28.525007428152065,,2.903583333333333,0.09225,0.0,0.24414801748492637,0.13261152523278197,0.20692922845210546,0.32038676335526506,0.08039749067823065,0.015526974796690487,0.14891809369121398,0.8610819495037514,0.06932991617207693,0.003441309890907021,0.444985079075679,2.353095673639646,1.481607897287515,,0.024774395370369882,0.006488125547655471,0.0,0.0016711019538486447,0.0012340073546137796,0.0015255940325269036,0.002733989503697599,0.0038832086004657713,0.0034457982023286694,10
travel_cv,0.2,auction,30.83998268335502,122.01280396123107,9.836078695939554,0.08609343796083858,10.057956138037207,121.13725,27.607198097051178,10.472750000000001,8.472750000000001,0.0,0.7030833333333333,0.2444133689491798,0.11783335624808214,0.20728468257924187,0.23768661129038288,0.07793246779873013,0.11484951313438321,0.19572738620792984,0.9434800471530844,0.07686867664531877,0.00505687964218307,0.6550824018484656,1.7124068060137867,1.4838778828012278,0.049553452425736735,0.049553452425736735,0.0,0.009971414273609628,0.002498473060850576,0.0009157431573684016,0.0015656163344143006,0.004751001003266563,0.0037539988648379987,0.004810837331169429,10
travel_cv,0.2,auction_ra,30.882862212666247,121.91984973819588,9.843183165561443,0.0848280501730729,9.895228521750655,153.58416666666668,27.884465586214,30.92891666666667,2.4202500000000002,0.24266666666666667,0.22141666666666665,0.24421852502425695,0.13915702873816052,0.20714168388119786,0.3164162880521791,0.07866371344684497,0.014402760857360624,0.17070287419608118,0.7483649293993299,0.0603383781809989,0.004868400298080187,0.6209567749929994,2.067635789441387,1.7157617387312443,0.9203327913131666,0.07646914232404639,0.03331915289332794,0.059134281246407426,0.0016766580267782965,0.0017625058016866304,0.0013151655285129757,0.0034427984944411898,0.004529016980574562,0.0024701271616499863,10
travel_cv,0.2,central,30.070328647323926,117.28599238643594,10.232692610867227,0.10913838832725842,13.084498487793713,197.808,23.864664274468435,,3.0213333333333336,0.12508333333333335,0.0,0.23494962430452956,0.15794148952735348,0.19926116753248607,0.3206789683701987,0.06474633275736694,0.022422417508065222,0.23849742715270994,0.9927079776909575,0.08678253776733412,0.007382604881200253,0.9891170827839433,3.408542383871299,1.480448283440722,,0.04020552207859541,0.013337144325455186,0.0,0.0019763579958062627,0.001541066335629163,0.0016599790722274684,0.002851071337819022,0.0036089513612678438,0.004772310973552144,10
travel_cv,0.2,fifo,30.30501160826976,119.81878860241359,10.016036674140857,0.10192037965093621,12.11139478449994,239.6875,25.25598694449243,,3.1143333333333336,0.10500000000000001,0.0,0.24009378397895004,0.1866754780581922,0.2035502179977804,0.288071047630353,0.07002328502298509,0.011586187311739276,0.12561397940075644,0.8645442729169228,0.07194199736006342,0.003488976763560159,0.45947595099100497,3.4093297023857128,1.1612573302885116,,0.015987965554429655,0.006252272104847135,0.0,0.0019306118272466586,0.002258473732610658,0.001379893919465326,0.002124804644845645,0.002981386191224074,0.003149711096493001,10
travel_cv,0.2,nearest,30.802525349094402,121.72788973637356,9.858953151254012,0.08718912451591762,10.193884956738016,144.97166666666666,29.150878774081292,,2.8663333333333334,0.09883333333333333,0.0,0.24385613707227302,0.13358422820242027,0.20680120017697884,0.32081784456486717,0.08211382415799622,0.012826765825464454,0.12119134972723938,0.8741038482347714,0.07127046966248447,0.003543328950917559,0.45163340170002936,2.684795984218971,1.3968867462166257,,0.025542114027627353,0.006958831878242531,0.0,0.0021275016951232454,0.0013417112560606573,0.0012881002688609133,0.00399963907083714,0.0036400501367177007,0.005412194624912167,10
travel_cv,0.3,auction,30.401123859367043,119.8250595040976,10.016465857297419,0.0991488290495054,11.75474014150863,121.16866666666667,27.82870485204101,10.51075,8.51075,0.0,0.6926666666666667,0.23982171705990557,0.1154047885830684,0.20358290970611562,0.2457821414134845,0.0771541261204434,0.11825431711698246,0.2322092271328167,1.2326776468005296,0.10315566816047886,0.006909899687323662,0.9039560920205606,2.8304311431882585,1.373117715917911,0.037884879453554024,0.037884879453554024,0.0,0.005866497421965622,0.0032522887120496045,0.002040334193690738,0.0019347569330858234,0.002975726897449639,0.003526177602990655,0.004448302788558834,10
travel_cv,0.3,auction_ra,30.701742749007032,120.74343138446332,9.939348085825896,0.0902495645033069,10.589666450082685,153.39891666666668,27.86812212955603,31.982,2.475,0.2129166666666667,0.14550000000000002,0.24164956546418742,0.13770867470585144,0.20514144282767907,0.3201611555962855,0.07785619223538208,0.017482969170614475,0.15852756076494265,0.8771821237567726,0.07194838196218085,0.0048806187614053465,0.6248732914995818,3.682501097075316,1.320356967134231,0.6138161410596641,0.08765307187892024,0.03858792437574506,0.05243405933216094,0.001337926662936878,0.002740876339445638,0.0013360966369867335,0.0033439300958444905,0.003319873418789446,0.004653796814093051,10
travel_cv,0.3,central,29.865304116252425,116.8544545840427,10.270054981794477,0.11512870374525641,13.887089379684948,197.59025,24.137124357416,,2.9984166666666665,0.12791666666666665,0.0,0.23390577592190706,0.1573045797054209,0.198542186919209,0.32403201687714434,0.06527742049965758,0.020938020076661148,0.16420909701153516,0.8129156669765195,0.07111971762416854,0.004335678403745527,0.5966674489047855,3.122338250703713,0.83013090457467,,0.024030716834785436,0.00875791623571595,0.0,0.0021070438003345073,0.001636913692535001,0.0013884152049279009,0.0027379143729468944,0.0020746772267139085,0.00485346505006559,10
travel_cv,0.3,fifo,30.076944568001398,118.68072857198925,10.11153645162466,0.10870345511593053,13.017191395933745,243.25924999999998,24.70168717151083,,3.0905,0.10891666666666666,0.0,0.23762953153519875,0.18753081289882606,0.20163349080899234,0.2914250809867428,0.06784719640308946,0.013933887367150627,0.15100405001211908,0.5451967398272046,0.04642496535059984,0.004294090051935597,0.5746090212478544,3.987215408267573,1.1174238230848088,,0.024614738651340565,0.007344487889321969,0.0,0.001652454065682674,0.0024449888712926664,0.0010843355836485358,0.002954049327032652,0.00290185281798533,0.003973408982190606,10
travel_cv,0.3,nearest,30.719508191880784,120.7423160896569,9.940188705539494,0.0897203390935435,10.520509739552192,146.25433333333334,29.086944214565328,,2.8703333333333334,0.10041666666666667,0.0,0.24163885238253263,0.13343546441844734,0.20512771563632426,0.3214216712279637,0.08124855775790277,0.017127738576829272,0.15328319675027668,1.1790360869504233,0.09713810691797783,0.004162828572230385,0.5371093880142485,2.2525414934612966,1.497052038463299,,0.03158580552106922,0.006873479232719786,0.0,0.0019701083385853554,0.002214189115989092,0.0019330400128300333,0.00447530526496491,0.0037177077603012484,0.006131589219259758,10
