variant,max_regret,mean_regret,mean_empty_m_per_move
nearest,0.08288563337356436,0.02107772454959118,136.777875
auction_ra z=2.5 adaptive=True,0.1240948204395238,0.032036408863971744,133.3866083333333
auction_ra z=3.0 adaptive=False,0.12980759958330168,0.05948434786281283,125.09737500000001
auction_ra z=3.0 adaptive=True,0.12980761680498887,0.031321240652858864,132.82349166666668
auction_ra z=2.5 adaptive=False,0.17125645045217652,0.06164913819350595,122.20455000000001
auction_ra z=2.0 adaptive=True,0.19515719157594447,0.03998441425831203,133.30709166666668
auction_ra z=2.0 adaptive=False,0.20918816877657775,0.10455214995557398,120.42939999999999
auction_ra z=1.5 adaptive=True,0.2699393979036131,0.07590259429553647,133.57976666666667
auction_ra z=1.5 adaptive=False,0.3529622258283638,0.16482358116270782,119.01543333333332
auction_ra z=1.0 adaptive=True,0.44667602094678216,0.0880166785176204,132.91698333333335
auction_ra z=1.0 adaptive=False,0.5361982849757752,0.283256443182238,118.31668333333334
auction_ra z=0.5 adaptive=True,0.5560390026101629,0.14999522100868495,133.14155833333334
auction_ra z=0.5 adaptive=False,0.9044325941020261,0.49738091788271566,117.75140000000002
fifo,1.2066992520104698,0.6116900692259797,245.8086583333333
central,2.412780575473306,0.7776804887975576,179.20424166666663
auction,2.7902013355925313,1.4398373047223507,134.96296666666666
